Date,Start (ET),away_team,home_team
"Tue, Oct 22, 2019",8:00p,New Orleans Pelicans,Toronto Raptors
"Tue, Oct 22, 2019",10:30p,Los Angeles Lakers,Los Angeles Clippers
"Wed, Oct 23, 2019",7:00p,Cleveland Cavaliers,Orlando Magic
"Wed, Oct 23, 2019",7:00p,Detroit Pistons,Indiana Pacers
"Wed, Oct 23, 2019",7:00p,Chicago Bulls,Charlotte Hornets
"Wed, Oct 23, 2019",7:30p,Memphis Grizzlies,Miami Heat
"Wed, Oct 23, 2019",7:30p,Minnesota Timberwolves,Brooklyn Nets
"Wed, Oct 23, 2019",7:30p,Boston Celtics,Philadelphia 76ers
"Wed, Oct 23, 2019",8:30p,Washington Wizards,Dallas Mavericks
"Wed, Oct 23, 2019",8:30p,New York Knicks,San Antonio Spurs
"Wed, Oct 23, 2019",9:00p,Oklahoma City Thunder,Utah Jazz
"Wed, Oct 23, 2019",10:00p,Denver Nuggets,Portland Trail Blazers
"Wed, Oct 23, 2019",10:00p,Sacramento Kings,Phoenix Suns
"Thu, Oct 24, 2019",7:00p,Atlanta Hawks,Detroit Pistons
"Thu, Oct 24, 2019",8:00p,Milwaukee Bucks,Houston Rockets
"Thu, Oct 24, 2019",10:30p,Los Angeles Clippers,Golden State Warriors
"Fri, Oct 25, 2019",7:00p,Toronto Raptors,Boston Celtics
"Fri, Oct 25, 2019",7:00p,Minnesota Timberwolves,Charlotte Hornets
"Fri, Oct 25, 2019",7:30p,New York Knicks,Brooklyn Nets
"Fri, Oct 25, 2019",8:00p,Washington Wizards,Oklahoma City Thunder
"Fri, Oct 25, 2019",8:00p,Dallas Mavericks,New Orleans Pelicans
"Fri, Oct 25, 2019",8:00p,Chicago Bulls,Memphis Grizzlies
"Fri, Oct 25, 2019",9:00p,Phoenix Suns,Denver Nuggets
"Fri, Oct 25, 2019",10:00p,Portland Trail Blazers,Sacramento Kings
"Fri, Oct 25, 2019",10:30p,Utah Jazz,Los Angeles Lakers
"Sat, Oct 26, 2019",5:00p,Miami Heat,Milwaukee Bucks
"Sat, Oct 26, 2019",7:00p,Philadelphia 76ers,Detroit Pistons
"Sat, Oct 26, 2019",7:30p,Orlando Magic,Atlanta Hawks
"Sat, Oct 26, 2019",7:30p,Boston Celtics,New York Knicks
"Sat, Oct 26, 2019",8:00p,New Orleans Pelicans,Houston Rockets
"Sat, Oct 26, 2019",8:00p,Indiana Pacers,Cleveland Cavaliers
"Sat, Oct 26, 2019",8:00p,Toronto Raptors,Chicago Bulls
"Sat, Oct 26, 2019",8:30p,Washington Wizards,San Antonio Spurs
"Sat, Oct 26, 2019",9:00p,Sacramento Kings,Utah Jazz
"Sat, Oct 26, 2019",10:00p,Los Angeles Clippers,Phoenix Suns
"Sun, Oct 27, 2019",3:30p,Golden State Warriors,Oklahoma City Thunder
"Sun, Oct 27, 2019",6:00p,Brooklyn Nets,Memphis Grizzlies
"Sun, Oct 27, 2019",7:00p,Miami Heat,Minnesota Timberwolves
"Sun, Oct 27, 2019",7:00p,Portland Trail Blazers,Dallas Mavericks
"Sun, Oct 27, 2019",9:30p,Charlotte Hornets,Los Angeles Lakers
"Mon, Oct 28, 2019",7:00p,Indiana Pacers,Detroit Pistons
"Mon, Oct 28, 2019",7:00p,Chicago Bulls,New York Knicks
"Mon, Oct 28, 2019",7:30p,Philadelphia 76ers,Atlanta Hawks
"Mon, Oct 28, 2019",7:30p,Orlando Magic,Toronto Raptors
"Mon, Oct 28, 2019",8:00p,Golden State Warriors,New Orleans Pelicans
"Mon, Oct 28, 2019",8:00p,Cleveland Cavaliers,Milwaukee Bucks
"Mon, Oct 28, 2019",8:00p,Oklahoma City Thunder,Houston Rockets
"Mon, Oct 28, 2019",8:30p,Portland Trail Blazers,San Antonio Spurs
"Mon, Oct 28, 2019",10:00p,Utah Jazz,Phoenix Suns
"Mon, Oct 28, 2019",10:00p,Denver Nuggets,Sacramento Kings
"Mon, Oct 28, 2019",10:30p,Charlotte Hornets,Los Angeles Clippers
"Tue, Oct 29, 2019",7:30p,Atlanta Hawks,Miami Heat
"Tue, Oct 29, 2019",9:00p,Dallas Mavericks,Denver Nuggets
"Tue, Oct 29, 2019",10:30p,Memphis Grizzlies,Los Angeles Lakers
"Wed, Oct 30, 2019",7:00p,Minnesota Timberwolves,Philadelphia 76ers
"Wed, Oct 30, 2019",7:00p,New York Knicks,Orlando Magic
"Wed, Oct 30, 2019",7:00p,Chicago Bulls,Cleveland Cavaliers
"Wed, Oct 30, 2019",7:30p,Detroit Pistons,Toronto Raptors
"Wed, Oct 30, 2019",7:30p,Indiana Pacers,Brooklyn Nets
"Wed, Oct 30, 2019",7:30p,Milwaukee Bucks,Boston Celtics
"Wed, Oct 30, 2019",8:00p,Portland Trail Blazers,Oklahoma City Thunder
"Wed, Oct 30, 2019",8:00p,Houston Rockets,Washington Wizards
"Wed, Oct 30, 2019",10:00p,Charlotte Hornets,Sacramento Kings
"Wed, Oct 30, 2019",10:00p,Los Angeles Clippers,Utah Jazz
"Wed, Oct 30, 2019",10:30p,Phoenix Suns,Golden State Warriors
"Thu, Oct 31, 2019",7:00p,Miami Heat,Atlanta Hawks
"Thu, Oct 31, 2019",9:30p,Denver Nuggets,New Orleans Pelicans
"Thu, Oct 31, 2019",10:30p,San Antonio Spurs,Los Angeles Clippers
"Fri, Nov 1, 2019",7:00p,Houston Rockets,Brooklyn Nets
"Fri, Nov 1, 2019",7:00p,Cleveland Cavaliers,Indiana Pacers
"Fri, Nov 1, 2019",7:00p,Milwaukee Bucks,Orlando Magic
"Fri, Nov 1, 2019",7:30p,New York Knicks,Boston Celtics
"Fri, Nov 1, 2019",8:00p,Detroit Pistons,Chicago Bulls
"Fri, Nov 1, 2019",9:30p,Los Angeles Lakers,Dallas Mavericks
"Fri, Nov 1, 2019",10:00p,Utah Jazz,Sacramento Kings
"Fri, Nov 1, 2019",10:30p,San Antonio Spurs,Golden State Warriors
"Sat, Nov 2, 2019",5:00p,New Orleans Pelicans,Oklahoma City Thunder
"Sat, Nov 2, 2019",7:00p,Brooklyn Nets,Detroit Pistons
"Sat, Nov 2, 2019",7:00p,Denver Nuggets,Orlando Magic
"Sat, Nov 2, 2019",8:00p,Phoenix Suns,Memphis Grizzlies
"Sat, Nov 2, 2019",8:00p,Toronto Raptors,Milwaukee Bucks
"Sat, Nov 2, 2019",8:00p,Minnesota Timberwolves,Washington Wizards
"Sat, Nov 2, 2019",8:30p,Charlotte Hornets,Golden State Warriors
"Sat, Nov 2, 2019",10:00p,Philadelphia 76ers,Portland Trail Blazers
"Sun, Nov 3, 2019",5:00p,Chicago Bulls,Indiana Pacers
"Sun, Nov 3, 2019",6:00p,Houston Rockets,Miami Heat
"Sun, Nov 3, 2019",6:00p,Sacramento Kings,New York Knicks
"Sun, Nov 3, 2019",7:00p,Los Angeles Lakers,San Antonio Spurs
"Sun, Nov 3, 2019",7:30p,Dallas Mavericks,Cleveland Cavaliers
"Sun, Nov 3, 2019",9:00p,Utah Jazz,Los Angeles Clippers
"Mon, Nov 4, 2019",7:00p,Detroit Pistons,Washington Wizards
"Mon, Nov 4, 2019",7:30p,New Orleans Pelicans,Brooklyn Nets
"Mon, Nov 4, 2019",8:00p,Houston Rockets,Memphis Grizzlies
"Mon, Nov 4, 2019",8:00p,Milwaukee Bucks,Minnesota Timberwolves
"Mon, Nov 4, 2019",9:00p,Philadelphia 76ers,Phoenix Suns
"Mon, Nov 4, 2019",10:30p,Portland Trail Blazers,Golden State Warriors
"Tue, Nov 5, 2019",7:00p,Indiana Pacers,Charlotte Hornets
"Tue, Nov 5, 2019",7:00p,Boston Celtics,Cleveland Cavaliers
"Tue, Nov 5, 2019",7:30p,San Antonio Spurs,Atlanta Hawks
"Tue, Nov 5, 2019",8:00p,Los Angeles Lakers,Chicago Bulls
"Tue, Nov 5, 2019",8:00p,Orlando Magic,Oklahoma City Thunder
"Tue, Nov 5, 2019",9:00p,Miami Heat,Denver Nuggets
"Wed, Nov 6, 2019",7:00p,New York Knicks,Detroit Pistons
"Wed, Nov 6, 2019",7:00p,Washington Wizards,Indiana Pacers
"Wed, Nov 6, 2019",7:30p,Chicago Bulls,Atlanta Hawks
"Wed, Nov 6, 2019",7:30p,Golden State Warriors,Houston Rockets
"Wed, Nov 6, 2019",7:30p,Sacramento Kings,Toronto Raptors
"Wed, Nov 6, 2019",8:00p,Minnesota Timberwolves,Memphis Grizzlies
"Wed, Nov 6, 2019",8:30p,Orlando Magic,Dallas Mavericks
"Wed, Nov 6, 2019",9:00p,Philadelphia 76ers,Utah Jazz
"Wed, Nov 6, 2019",10:00p,Milwaukee Bucks,Los Angeles Clippers
"Thu, Nov 7, 2019",8:00p,Boston Celtics,Charlotte Hornets
"Thu, Nov 7, 2019",8:30p,Oklahoma City Thunder,San Antonio Spurs
"Thu, Nov 7, 2019",9:00p,Miami Heat,Phoenix Suns
"Thu, Nov 7, 2019",10:30p,Portland Trail Blazers,Los Angeles Clippers
"Fri, Nov 8, 2019",7:00p,Detroit Pistons,Indiana Pacers
"Fri, Nov 8, 2019",7:00p,Memphis Grizzlies,Orlando Magic
"Fri, Nov 8, 2019",7:00p,Cleveland Cavaliers,Washington Wizards
"Fri, Nov 8, 2019",7:30p,Sacramento Kings,Atlanta Hawks
"Fri, Nov 8, 2019",8:00p,Golden State Warriors,Minnesota Timberwolves
"Fri, Nov 8, 2019",8:00p,Toronto Raptors,New Orleans Pelicans
"Fri, Nov 8, 2019",8:30p,New York Knicks,Dallas Mavericks
"Fri, Nov 8, 2019",9:00p,Philadelphia 76ers,Denver Nuggets
"Fri, Nov 8, 2019",9:00p,Milwaukee Bucks,Utah Jazz
"Fri, Nov 8, 2019",10:00p,Brooklyn Nets,Portland Trail Blazers
"Fri, Nov 8, 2019",10:30p,Miami Heat,Los Angeles Lakers
"Sat, Nov 9, 2019",5:00p,Boston Celtics,San Antonio Spurs
"Sat, Nov 9, 2019",7:00p,New Orleans Pelicans,Charlotte Hornets
"Sat, Nov 9, 2019",8:00p,Houston Rockets,Chicago Bulls
"Sat, Nov 9, 2019",8:00p,Dallas Mavericks,Memphis Grizzlies
"Sat, Nov 9, 2019",8:00p,Golden State Warriors,Oklahoma City Thunder
"Sun, Nov 10, 2019",3:30p,Denver Nuggets,Minnesota Timberwolves
"Sun, Nov 10, 2019",6:00p,Indiana Pacers,Orlando Magic
"Sun, Nov 10, 2019",6:00p,Charlotte Hornets,Philadelphia 76ers
"Sun, Nov 10, 2019",7:00p,Milwaukee Bucks,Oklahoma City Thunder
"Sun, Nov 10, 2019",7:30p,Cleveland Cavaliers,New York Knicks
"Sun, Nov 10, 2019",8:00p,Brooklyn Nets,Phoenix Suns
"Sun, Nov 10, 2019",9:00p,Atlanta Hawks,Portland Trail Blazers
"Sun, Nov 10, 2019",9:30p,Toronto Raptors,Los Angeles Lakers
"Mon, Nov 11, 2019",7:00p,Minnesota Timberwolves,Detroit Pistons
"Mon, Nov 11, 2019",7:30p,Dallas Mavericks,Boston Celtics
"Mon, Nov 11, 2019",8:00p,Houston Rockets,New Orleans Pelicans
"Mon, Nov 11, 2019",8:30p,Memphis Grizzlies,San Antonio Spurs
"Mon, Nov 11, 2019",10:30p,Utah Jazz,Golden State Warriors
"Mon, Nov 11, 2019",10:30p,Toronto Raptors,Los Angeles Clippers
"Tue, Nov 12, 2019",7:00p,Oklahoma City Thunder,Indiana Pacers
"Tue, Nov 12, 2019",7:00p,Cleveland Cavaliers,Philadelphia 76ers
"Tue, Nov 12, 2019",7:30p,Detroit Pistons,Miami Heat
"Tue, Nov 12, 2019",8:00p,New York Knicks,Chicago Bulls
"Tue, Nov 12, 2019",9:00p,Atlanta Hawks,Denver Nuggets
"Tue, Nov 12, 2019",9:00p,Los Angeles Lakers,Phoenix Suns
"Tue, Nov 12, 2019",9:00p,Brooklyn Nets,Utah Jazz
"Tue, Nov 12, 2019",10:00p,Portland Trail Blazers,Sacramento Kings
"Wed, Nov 13, 2019",7:00p,Memphis Grizzlies,Charlotte Hornets
"Wed, Nov 13, 2019",7:00p,Philadelphia 76ers,Orlando Magic
"Wed, Nov 13, 2019",7:30p,Washington Wizards,Boston Celtics
"Wed, Nov 13, 2019",7:30p,Los Angeles Clippers,Houston Rockets
"Wed, Nov 13, 2019",8:00p,San Antonio Spurs,Minnesota Timberwolves
"Wed, Nov 13, 2019",10:00p,Golden State Warriors,Los Angeles Lakers
"Wed, Nov 13, 2019",10:00p,Toronto Raptors,Portland Trail Blazers
"Thu, Nov 14, 2019",6:00p,Miami Heat,Cleveland Cavaliers
"Thu, Nov 14, 2019",8:00p,Chicago Bulls,Milwaukee Bucks
"Thu, Nov 14, 2019",8:00p,Los Angeles Clippers,New Orleans Pelicans
"Thu, Nov 14, 2019",8:00p,Dallas Mavericks,New York Knicks
"Thu, Nov 14, 2019",9:00p,Atlanta Hawks,Phoenix Suns
"Thu, Nov 14, 2019",10:30p,Brooklyn Nets,Denver Nuggets
"Fri, Nov 15, 2019",7:00p,Detroit Pistons,Charlotte Hornets
"Fri, Nov 15, 2019",7:00p,San Antonio Spurs,Orlando Magic
"Fri, Nov 15, 2019",8:00p,Indiana Pacers,Houston Rockets
"Fri, Nov 15, 2019",8:00p,Utah Jazz,Memphis Grizzlies
"Fri, Nov 15, 2019",8:00p,Washington Wizards,Minnesota Timberwolves
"Fri, Nov 15, 2019",8:00p,Philadelphia 76ers,Oklahoma City Thunder
"Fri, Nov 15, 2019",10:30p,Boston Celtics,Golden State Warriors
"Fri, Nov 15, 2019",10:30p,Sacramento Kings,Los Angeles Lakers
"Sat, Nov 16, 2019",6:00p,Brooklyn Nets,Chicago Bulls
"Sat, Nov 16, 2019",7:00p,Milwaukee Bucks,Indiana Pacers
"Sat, Nov 16, 2019",7:30p,Charlotte Hornets,New York Knicks
"Sat, Nov 16, 2019",8:00p,New Orleans Pelicans,Miami Heat
"Sat, Nov 16, 2019",8:00p,Houston Rockets,Minnesota Timberwolves
"Sat, Nov 16, 2019",8:30p,Toronto Raptors,Dallas Mavericks
"Sat, Nov 16, 2019",8:30p,Portland Trail Blazers,San Antonio Spurs
"Sat, Nov 16, 2019",10:30p,Atlanta Hawks,Los Angeles Clippers
"Sun, Nov 17, 2019",3:00p,Philadelphia 76ers,Cleveland Cavaliers
"Sun, Nov 17, 2019",3:30p,Boston Celtics,Sacramento Kings
"Sun, Nov 17, 2019",6:00p,Denver Nuggets,Memphis Grizzlies
"Sun, Nov 17, 2019",6:00p,Washington Wizards,Orlando Magic
"Sun, Nov 17, 2019",7:00p,Golden State Warriors,New Orleans Pelicans
"Sun, Nov 17, 2019",9:30p,Atlanta Hawks,Los Angeles Lakers
"Mon, Nov 18, 2019",7:00p,Cleveland Cavaliers,New York Knicks
"Mon, Nov 18, 2019",7:30p,Indiana Pacers,Brooklyn Nets
"Mon, Nov 18, 2019",7:30p,Charlotte Hornets,Toronto Raptors
"Mon, Nov 18, 2019",8:00p,Milwaukee Bucks,Chicago Bulls
"Mon, Nov 18, 2019",8:00p,Portland Trail Blazers,Houston Rockets
"Mon, Nov 18, 2019",8:30p,San Antonio Spurs,Dallas Mavericks
"Mon, Nov 18, 2019",9:00p,Boston Celtics,Phoenix Suns
"Mon, Nov 18, 2019",9:00p,Minnesota Timberwolves,Utah Jazz
"Mon, Nov 18, 2019",10:30p,Oklahoma City Thunder,Los Angeles Clippers
"Tue, Nov 19, 2019",8:00p,Golden State Warriors,Memphis Grizzlies
"Tue, Nov 19, 2019",8:00p,Portland Trail Blazers,New Orleans Pelicans
"Tue, Nov 19, 2019",10:00p,Phoenix Suns,Sacramento Kings
"Tue, Nov 19, 2019",10:30p,Oklahoma City Thunder,Los Angeles Lakers
"Wed, Nov 20, 2019",7:00p,New York Knicks,Philadelphia 76ers
"Wed, Nov 20, 2019",7:00p,San Antonio Spurs,Washington Wizards
"Wed, Nov 20, 2019",7:30p,Milwaukee Bucks,Atlanta Hawks
"Wed, Nov 20, 2019",7:30p,Charlotte Hornets,Brooklyn Nets
"Wed, Nov 20, 2019",7:30p,Golden State Warriors,Dallas Mavericks
"Wed, Nov 20, 2019",7:30p,Cleveland Cavaliers,Miami Heat
"Wed, Nov 20, 2019",7:30p,Orlando Magic,Toronto Raptors
"Wed, Nov 20, 2019",8:00p,Detroit Pistons,Chicago Bulls
"Wed, Nov 20, 2019",8:00p,Utah Jazz,Minnesota Timberwolves
"Wed, Nov 20, 2019",9:00p,Houston Rockets,Denver Nuggets
"Wed, Nov 20, 2019",10:00p,Boston Celtics,Los Angeles Clippers
"Thu, Nov 21, 2019",8:00p,Portland Trail Blazers,Milwaukee Bucks
"Thu, Nov 21, 2019",10:30p,New Orleans Pelicans,Phoenix Suns
"Fri, Nov 22, 2019",7:00p,Atlanta Hawks,Detroit Pistons
"Fri, Nov 22, 2019",7:00p,Charlotte Hornets,Washington Wizards
"Fri, Nov 22, 2019",7:30p,Sacramento Kings,Brooklyn Nets
"Fri, Nov 22, 2019",8:00p,Miami Heat,Chicago Bulls
"Fri, Nov 22, 2019",8:00p,Los Angeles Lakers,Oklahoma City Thunder
"Fri, Nov 22, 2019",8:00p,San Antonio Spurs,Philadelphia 76ers
"Fri, Nov 22, 2019",8:30p,Cleveland Cavaliers,Dallas Mavericks
"Fri, Nov 22, 2019",9:00p,Boston Celtics,Denver Nuggets
"Fri, Nov 22, 2019",9:00p,Golden State Warriors,Utah Jazz
"Fri, Nov 22, 2019",10:30p,Houston Rockets,Los Angeles Clippers
"Sat, Nov 23, 2019",5:00p,Phoenix Suns,Minnesota Timberwolves
"Sat, Nov 23, 2019",7:00p,Chicago Bulls,Charlotte Hornets
"Sat, Nov 23, 2019",7:00p,Orlando Magic,Indiana Pacers
"Sat, Nov 23, 2019",7:30p,Toronto Raptors,Atlanta Hawks
"Sat, Nov 23, 2019",7:30p,San Antonio Spurs,New York Knicks
"Sat, Nov 23, 2019",7:30p,Miami Heat,Philadelphia 76ers
"Sat, Nov 23, 2019",8:00p,Portland Trail Blazers,Cleveland Cavaliers
"Sat, Nov 23, 2019",8:00p,Los Angeles Lakers,Memphis Grizzlies
"Sat, Nov 23, 2019",8:30p,Detroit Pistons,Milwaukee Bucks
"Sat, Nov 23, 2019",9:00p,New Orleans Pelicans,Utah Jazz
"Sun, Nov 24, 2019",3:30p,Dallas Mavericks,Houston Rockets
"Sun, Nov 24, 2019",6:00p,Brooklyn Nets,New York Knicks
"Sun, Nov 24, 2019",6:00p,Sacramento Kings,Washington Wizards
"Sun, Nov 24, 2019",8:00p,Phoenix Suns,Denver Nuggets
"Sun, Nov 24, 2019",9:00p,New Orleans Pelicans,Los Angeles Clippers
"Mon, Nov 25, 2019",7:00p,Brooklyn Nets,Cleveland Cavaliers
"Mon, Nov 25, 2019",7:00p,Orlando Magic,Detroit Pistons
"Mon, Nov 25, 2019",7:00p,Memphis Grizzlies,Indiana Pacers
"Mon, Nov 25, 2019",7:30p,Minnesota Timberwolves,Atlanta Hawks
"Mon, Nov 25, 2019",7:30p,Sacramento Kings,Boston Celtics
"Mon, Nov 25, 2019",7:30p,Charlotte Hornets,Miami Heat
"Mon, Nov 25, 2019",7:30p,Philadelphia 76ers,Toronto Raptors
"Mon, Nov 25, 2019",8:00p,Portland Trail Blazers,Chicago Bulls
"Mon, Nov 25, 2019",8:00p,Utah Jazz,Milwaukee Bucks
"Mon, Nov 25, 2019",8:30p,Los Angeles Lakers,San Antonio Spurs
"Mon, Nov 25, 2019",10:30p,Oklahoma City Thunder,Golden State Warriors
"Tue, Nov 26, 2019",8:30p,Los Angeles Clippers,Dallas Mavericks
"Tue, Nov 26, 2019",9:00p,Washington Wizards,Denver Nuggets
"Wed, Nov 27, 2019",7:00p,Brooklyn Nets,Boston Celtics
"Wed, Nov 27, 2019",7:00p,Detroit Pistons,Charlotte Hornets
"Wed, Nov 27, 2019",7:00p,Orlando Magic,Cleveland Cavaliers
"Wed, Nov 27, 2019",7:00p,Utah Jazz,Indiana Pacers
"Wed, Nov 27, 2019",7:00p,Sacramento Kings,Philadelphia 76ers
"Wed, Nov 27, 2019",7:30p,New York Knicks,Toronto Raptors
"Wed, Nov 27, 2019",8:00p,Miami Heat,Houston Rockets
"Wed, Nov 27, 2019",8:00p,Los Angeles Clippers,Memphis Grizzlies
"Wed, Nov 27, 2019",8:00p,Atlanta Hawks,Milwaukee Bucks
"Wed, Nov 27, 2019",8:30p,Minnesota Timberwolves,San Antonio Spurs
"Wed, Nov 27, 2019",9:00p,Washington Wizards,Phoenix Suns
"Wed, Nov 27, 2019",9:30p,Los Angeles Lakers,New Orleans Pelicans
"Wed, Nov 27, 2019",10:00p,Oklahoma City Thunder,Portland Trail Blazers
"Wed, Nov 27, 2019",10:30p,Chicago Bulls,Golden State Warriors
"Fri, Nov 29, 2019",12:00p,Boston Celtics,Brooklyn Nets
"Fri, Nov 29, 2019",7:00p,Charlotte Hornets,Detroit Pistons
"Fri, Nov 29, 2019",7:00p,Toronto Raptors,Orlando Magic
"Fri, Nov 29, 2019",7:30p,Milwaukee Bucks,Cleveland Cavaliers
"Fri, Nov 29, 2019",7:30p,Philadelphia 76ers,New York Knicks
"Fri, Nov 29, 2019",8:00p,Atlanta Hawks,Indiana Pacers
"Fri, Nov 29, 2019",8:00p,Utah Jazz,Memphis Grizzlies
"Fri, Nov 29, 2019",8:00p,Golden State Warriors,Miami Heat
"Fri, Nov 29, 2019",8:00p,New Orleans Pelicans,Oklahoma City Thunder
"Fri, Nov 29, 2019",8:30p,Los Angeles Clippers,San Antonio Spurs
"Fri, Nov 29, 2019",9:00p,Dallas Mavericks,Phoenix Suns
"Fri, Nov 29, 2019",10:00p,Chicago Bulls,Portland Trail Blazers
"Fri, Nov 29, 2019",10:30p,Washington Wizards,Los Angeles Lakers
"Sat, Nov 30, 2019",5:00p,Denver Nuggets,Sacramento Kings
"Sat, Nov 30, 2019",7:00p,Indiana Pacers,Philadelphia 76ers
"Sat, Nov 30, 2019",8:00p,Atlanta Hawks,Houston Rockets
"Sat, Nov 30, 2019",8:00p,Charlotte Hornets,Milwaukee Bucks
"Sun, Dec 1, 2019",3:00p,Miami Heat,Brooklyn Nets
"Sun, Dec 1, 2019",3:30p,Memphis Grizzlies,Minnesota Timberwolves
"Sun, Dec 1, 2019",3:30p,Boston Celtics,New York Knicks
"Sun, Dec 1, 2019",4:00p,Dallas Mavericks,Los Angeles Lakers
"Sun, Dec 1, 2019",5:00p,San Antonio Spurs,Detroit Pistons
"Sun, Dec 1, 2019",5:00p,Oklahoma City Thunder,New Orleans Pelicans
"Sun, Dec 1, 2019",6:00p,Golden State Warriors,Orlando Magic
"Sun, Dec 1, 2019",6:00p,Utah Jazz,Toronto Raptors
"Sun, Dec 1, 2019",10:30p,Washington Wizards,Los Angeles Clippers
"Mon, Dec 2, 2019",7:00p,Phoenix Suns,Charlotte Hornets
"Mon, Dec 2, 2019",7:00p,Utah Jazz,Philadelphia 76ers
"Mon, Dec 2, 2019",7:30p,Golden State Warriors,Atlanta Hawks
"Mon, Dec 2, 2019",8:00p,Indiana Pacers,Memphis Grizzlies
"Mon, Dec 2, 2019",8:00p,New York Knicks,Milwaukee Bucks
"Mon, Dec 2, 2019",10:00p,Chicago Bulls,Sacramento Kings
"Tue, Dec 3, 2019",7:00p,Detroit Pistons,Cleveland Cavaliers
"Tue, Dec 3, 2019",7:00p,Orlando Magic,Washington Wizards
"Tue, Dec 3, 2019",7:30p,Dallas Mavericks,New Orleans Pelicans
"Tue, Dec 3, 2019",7:30p,Miami Heat,Toronto Raptors
"Tue, Dec 3, 2019",8:30p,Houston Rockets,San Antonio Spurs
"Tue, Dec 3, 2019",9:00p,Los Angeles Lakers,Denver Nuggets
"Tue, Dec 3, 2019",10:00p,Portland Trail Blazers,Los Angeles Clippers
"Wed, Dec 4, 2019",7:00p,Golden State Warriors,Charlotte Hornets
"Wed, Dec 4, 2019",7:00p,Milwaukee Bucks,Detroit Pistons
"Wed, Dec 4, 2019",7:00p,Phoenix Suns,Orlando Magic
"Wed, Dec 4, 2019",7:30p,Brooklyn Nets,Atlanta Hawks
"Wed, Dec 4, 2019",7:30p,Miami Heat,Boston Celtics
"Wed, Dec 4, 2019",8:00p,Memphis Grizzlies,Chicago Bulls
"Wed, Dec 4, 2019",8:00p,Indiana Pacers,Oklahoma City Thunder
"Wed, Dec 4, 2019",8:30p,Minnesota Timberwolves,Dallas Mavericks
"Wed, Dec 4, 2019",9:00p,Los Angeles Lakers,Utah Jazz
"Wed, Dec 4, 2019",10:00p,Sacramento Kings,Portland Trail Blazers
"Thu, Dec 5, 2019",7:00p,Philadelphia 76ers,Washington Wizards
"Thu, Dec 5, 2019",7:30p,Denver Nuggets,New York Knicks
"Thu, Dec 5, 2019",7:30p,Houston Rockets,Toronto Raptors
"Thu, Dec 5, 2019",8:00p,Phoenix Suns,New Orleans Pelicans
"Fri, Dec 6, 2019",7:00p,Brooklyn Nets,Charlotte Hornets
"Fri, Dec 6, 2019",7:00p,Orlando Magic,Cleveland Cavaliers
"Fri, Dec 6, 2019",7:00p,Indiana Pacers,Detroit Pistons
"Fri, Dec 6, 2019",8:00p,Denver Nuggets,Boston Celtics
"Fri, Dec 6, 2019",8:00p,Golden State Warriors,Chicago Bulls
"Fri, Dec 6, 2019",8:00p,Washington Wizards,Miami Heat
"Fri, Dec 6, 2019",8:00p,Minnesota Timberwolves,Oklahoma City Thunder
"Fri, Dec 6, 2019",8:30p,Los Angeles Clippers,Milwaukee Bucks
"Fri, Dec 6, 2019",8:30p,Sacramento Kings,San Antonio Spurs
"Fri, Dec 6, 2019",10:30p,Los Angeles Lakers,Portland Trail Blazers
"Sat, Dec 7, 2019",2:00p,New Orleans Pelicans,Dallas Mavericks
"Sat, Dec 7, 2019",7:30p,Indiana Pacers,New York Knicks
"Sat, Dec 7, 2019",7:30p,Cleveland Cavaliers,Philadelphia 76ers
"Sat, Dec 7, 2019",8:00p,Phoenix Suns,Houston Rockets
"Sat, Dec 7, 2019",10:00p,Memphis Grizzlies,Utah Jazz
"Sun, Dec 8, 2019",3:00p,Denver Nuggets,Brooklyn Nets
"Sun, Dec 8, 2019",5:00p,Atlanta Hawks,Charlotte Hornets
"Sun, Dec 8, 2019",6:00p,Chicago Bulls,Miami Heat
"Sun, Dec 8, 2019",6:00p,Toronto Raptors,Philadelphia 76ers
"Sun, Dec 8, 2019",6:00p,Los Angeles Clippers,Washington Wizards
"Sun, Dec 8, 2019",7:00p,Sacramento Kings,Dallas Mavericks
"Sun, Dec 8, 2019",9:00p,Oklahoma City Thunder,Portland Trail Blazers
"Sun, Dec 8, 2019",9:30p,Minnesota Timberwolves,Los Angeles Lakers
"Mon, Dec 9, 2019",7:00p,Los Angeles Clippers,Indiana Pacers
"Mon, Dec 9, 2019",7:30p,Cleveland Cavaliers,Boston Celtics
"Mon, Dec 9, 2019",8:00p,Toronto Raptors,Chicago Bulls
"Mon, Dec 9, 2019",8:00p,Sacramento Kings,Houston Rockets
"Mon, Dec 9, 2019",8:00p,Orlando Magic,Milwaukee Bucks
"Mon, Dec 9, 2019",8:00p,Detroit Pistons,New Orleans Pelicans
"Mon, Dec 9, 2019",9:00p,Minnesota Timberwolves,Phoenix Suns
"Mon, Dec 9, 2019",9:00p,Oklahoma City Thunder,Utah Jazz
"Mon, Dec 9, 2019",10:30p,Memphis Grizzlies,Golden State Warriors
"Tue, Dec 10, 2019",7:00p,Washington Wizards,Charlotte Hornets
"Tue, Dec 10, 2019",7:00p,Denver Nuggets,Philadelphia 76ers
"Tue, Dec 10, 2019",8:00p,Atlanta Hawks,Miami Heat
"Tue, Dec 10, 2019",10:00p,New York Knicks,Portland Trail Blazers
"Wed, Dec 11, 2019",7:00p,Houston Rockets,Cleveland Cavaliers
"Wed, Dec 11, 2019",7:00p,Boston Celtics,Indiana Pacers
"Wed, Dec 11, 2019",7:00p,Los Angeles Lakers,Orlando Magic
"Wed, Dec 11, 2019",7:00p,Los Angeles Clippers,Toronto Raptors
"Wed, Dec 11, 2019",7:30p,Charlotte Hornets,Brooklyn Nets
"Wed, Dec 11, 2019",8:00p,Atlanta Hawks,Chicago Bulls
"Wed, Dec 11, 2019",8:00p,Utah Jazz,Minnesota Timberwolves
"Wed, Dec 11, 2019",9:00p,Memphis Grizzlies,Phoenix Suns
"Wed, Dec 11, 2019",9:30p,New Orleans Pelicans,Milwaukee Bucks
"Wed, Dec 11, 2019",10:00p,Oklahoma City Thunder,Sacramento Kings
"Wed, Dec 11, 2019",10:30p,New York Knicks,Golden State Warriors
"Thu, Dec 12, 2019",8:00p,Philadelphia 76ers,Boston Celtics
"Thu, Dec 12, 2019",8:30p,Cleveland Cavaliers,San Antonio Spurs
"Thu, Dec 12, 2019",9:00p,Dallas Mavericks,Detroit Pistons
"Thu, Dec 12, 2019",10:30p,Portland Trail Blazers,Denver Nuggets
"Fri, Dec 13, 2019",7:00p,Houston Rockets,Orlando Magic
"Fri, Dec 13, 2019",7:00p,New Orleans Pelicans,Philadelphia 76ers
"Fri, Dec 13, 2019",7:30p,Indiana Pacers,Atlanta Hawks
"Fri, Dec 13, 2019",8:00p,Charlotte Hornets,Chicago Bulls
"Fri, Dec 13, 2019",8:00p,Milwaukee Bucks,Memphis Grizzlies
"Fri, Dec 13, 2019",8:00p,Los Angeles Lakers,Miami Heat
"Fri, Dec 13, 2019",8:00p,Los Angeles Clippers,Minnesota Timberwolves
"Fri, Dec 13, 2019",10:00p,New York Knicks,Sacramento Kings
"Fri, Dec 13, 2019",10:30p,Golden State Warriors,Utah Jazz
"Sat, Dec 14, 2019",5:00p,San Antonio Spurs,Phoenix Suns
"Sat, Dec 14, 2019",7:30p,Brooklyn Nets,Toronto Raptors
"Sat, Dec 14, 2019",8:00p,Los Angeles Clippers,Chicago Bulls
"Sat, Dec 14, 2019",8:00p,Washington Wizards,Memphis Grizzlies
"Sat, Dec 14, 2019",8:30p,Miami Heat,Dallas Mavericks
"Sat, Dec 14, 2019",8:30p,Cleveland Cavaliers,Milwaukee Bucks
"Sat, Dec 14, 2019",9:00p,Oklahoma City Thunder,Denver Nuggets
"Sat, Dec 14, 2019",9:00p,Detroit Pistons,Houston Rockets
"Sun, Dec 15, 2019",3:30p,Orlando Magic,New Orleans Pelicans
"Sun, Dec 15, 2019",5:00p,Charlotte Hornets,Indiana Pacers
"Sun, Dec 15, 2019",6:00p,Los Angeles Lakers,Atlanta Hawks
"Sun, Dec 15, 2019",6:00p,Philadelphia 76ers,Brooklyn Nets
"Sun, Dec 15, 2019",8:00p,New York Knicks,Denver Nuggets
"Sun, Dec 15, 2019",8:30p,Sacramento Kings,Golden State Warriors
"Mon, Dec 16, 2019",7:00p,Washington Wizards,Detroit Pistons
"Mon, Dec 16, 2019",7:30p,Cleveland Cavaliers,Toronto Raptors
"Mon, Dec 16, 2019",8:00p,San Antonio Spurs,Houston Rockets
"Mon, Dec 16, 2019",8:00p,Miami Heat,Memphis Grizzlies
"Mon, Dec 16, 2019",8:00p,Dallas Mavericks,Milwaukee Bucks
"Mon, Dec 16, 2019",8:00p,Chicago Bulls,Oklahoma City Thunder
"Mon, Dec 16, 2019",9:00p,Portland Trail Blazers,Phoenix Suns
"Tue, Dec 17, 2019",7:00p,Sacramento Kings,Charlotte Hornets
"Tue, Dec 17, 2019",7:00p,Los Angeles Lakers,Indiana Pacers
"Tue, Dec 17, 2019",7:30p,Atlanta Hawks,New York Knicks
"Tue, Dec 17, 2019",8:00p,Brooklyn Nets,New Orleans Pelicans
"Tue, Dec 17, 2019",9:00p,Orlando Magic,Utah Jazz
"Tue, Dec 17, 2019",10:30p,Phoenix Suns,Los Angeles Clippers
"Wed, Dec 18, 2019",7:00p,Charlotte Hornets,Cleveland Cavaliers
"Wed, Dec 18, 2019",7:00p,Toronto Raptors,Detroit Pistons
"Wed, Dec 18, 2019",7:00p,Chicago Bulls,Washington Wizards
"Wed, Dec 18, 2019",7:30p,Miami Heat,Philadelphia 76ers
"Wed, Dec 18, 2019",8:00p,New Orleans Pelicans,Minnesota Timberwolves
"Wed, Dec 18, 2019",8:00p,Memphis Grizzlies,Oklahoma City Thunder
"Wed, Dec 18, 2019",8:30p,Boston Celtics,Dallas Mavericks
"Wed, Dec 18, 2019",9:00p,Orlando Magic,Denver Nuggets
"Wed, Dec 18, 2019",10:00p,Golden State Warriors,Portland Trail Blazers
"Thu, Dec 19, 2019",7:30p,Utah Jazz,Atlanta Hawks
"Thu, Dec 19, 2019",8:00p,Los Angeles Lakers,Milwaukee Bucks
"Thu, Dec 19, 2019",8:30p,Brooklyn Nets,San Antonio Spurs
"Thu, Dec 19, 2019",10:30p,Houston Rockets,Los Angeles Clippers
"Fri, Dec 20, 2019",7:00p,Memphis Grizzlies,Cleveland Cavaliers
"Fri, Dec 20, 2019",7:00p,Sacramento Kings,Indiana Pacers
"Fri, Dec 20, 2019",7:30p,Detroit Pistons,Boston Celtics
"Fri, Dec 20, 2019",7:30p,Washington Wizards,Toronto Raptors
"Fri, Dec 20, 2019",8:00p,New York Knicks,Miami Heat
"Fri, Dec 20, 2019",8:00p,Phoenix Suns,Oklahoma City Thunder
"Fri, Dec 20, 2019",8:00p,Dallas Mavericks,Philadelphia 76ers
"Fri, Dec 20, 2019",9:00p,Minnesota Timberwolves,Denver Nuggets
"Fri, Dec 20, 2019",10:00p,Orlando Magic,Portland Trail Blazers
"Fri, Dec 20, 2019",10:30p,New Orleans Pelicans,Golden State Warriors
"Sat, Dec 21, 2019",5:00p,Utah Jazz,Charlotte Hornets
"Sat, Dec 21, 2019",6:00p,Atlanta Hawks,Brooklyn Nets
"Sat, Dec 21, 2019",7:00p,Chicago Bulls,Detroit Pistons
"Sat, Dec 21, 2019",7:00p,Washington Wizards,Philadelphia 76ers
"Sat, Dec 21, 2019",7:30p,Milwaukee Bucks,New York Knicks
"Sat, Dec 21, 2019",8:00p,Sacramento Kings,Memphis Grizzlies
"Sat, Dec 21, 2019",8:30p,Los Angeles Clippers,San Antonio Spurs
"Sat, Dec 21, 2019",9:00p,Houston Rockets,Phoenix Suns
"Sat, Dec 21, 2019",10:00p,Minnesota Timberwolves,Portland Trail Blazers
"Sun, Dec 22, 2019",3:30p,Dallas Mavericks,Toronto Raptors
"Sun, Dec 22, 2019",6:00p,Charlotte Hornets,Boston Celtics
"Sun, Dec 22, 2019",7:00p,Indiana Pacers,Milwaukee Bucks
"Sun, Dec 22, 2019",7:00p,Los Angeles Clippers,Oklahoma City Thunder
"Sun, Dec 22, 2019",9:30p,Denver Nuggets,Los Angeles Lakers
"Mon, Dec 23, 2019",7:00p,Atlanta Hawks,Cleveland Cavaliers
"Mon, Dec 23, 2019",7:00p,Philadelphia 76ers,Detroit Pistons
"Mon, Dec 23, 2019",7:00p,Toronto Raptors,Indiana Pacers
"Mon, Dec 23, 2019",7:00p,Washington Wizards,New York Knicks
"Mon, Dec 23, 2019",7:00p,Chicago Bulls,Orlando Magic
"Mon, Dec 23, 2019",7:30p,Utah Jazz,Miami Heat
"Mon, Dec 23, 2019",8:00p,San Antonio Spurs,Memphis Grizzlies
"Mon, Dec 23, 2019",9:00p,Denver Nuggets,Phoenix Suns
"Mon, Dec 23, 2019",10:00p,New Orleans Pelicans,Portland Trail Blazers
"Mon, Dec 23, 2019",10:00p,Houston Rockets,Sacramento Kings
"Mon, Dec 23, 2019",10:30p,Minnesota Timberwolves,Golden State Warriors
"Wed, Dec 25, 2019",12:00p,Boston Celtics,Toronto Raptors
"Wed, Dec 25, 2019",2:30p,Milwaukee Bucks,Philadelphia 76ers
"Wed, Dec 25, 2019",5:00p,Houston Rockets,Golden State Warriors
"Wed, Dec 25, 2019",8:00p,Los Angeles Clippers,Los Angeles Lakers
"Wed, Dec 25, 2019",10:30p,New Orleans Pelicans,Denver Nuggets
"Thu, Dec 26, 2019",7:00p,Washington Wizards,Detroit Pistons
"Thu, Dec 26, 2019",8:00p,New York Knicks,Brooklyn Nets
"Thu, Dec 26, 2019",8:00p,Memphis Grizzlies,Oklahoma City Thunder
"Thu, Dec 26, 2019",8:30p,San Antonio Spurs,Dallas Mavericks
"Thu, Dec 26, 2019",10:00p,Minnesota Timberwolves,Sacramento Kings
"Thu, Dec 26, 2019",10:30p,Portland Trail Blazers,Utah Jazz
"Fri, Dec 27, 2019",4:00p,Cleveland Cavaliers,Boston Celtics
"Fri, Dec 27, 2019",7:00p,Oklahoma City Thunder,Charlotte Hornets
"Fri, Dec 27, 2019",7:00p,Philadelphia 76ers,Orlando Magic
"Fri, Dec 27, 2019",7:30p,Milwaukee Bucks,Atlanta Hawks
"Fri, Dec 27, 2019",8:00p,Indiana Pacers,Miami Heat
"Fri, Dec 27, 2019",10:30p,Phoenix Suns,Golden State Warriors
"Sat, Dec 28, 2019",5:00p,Memphis Grizzlies,Denver Nuggets
"Sat, Dec 28, 2019",7:00p,Toronto Raptors,Boston Celtics
"Sat, Dec 28, 2019",7:00p,Indiana Pacers,New Orleans Pelicans
"Sat, Dec 28, 2019",8:00p,Atlanta Hawks,Chicago Bulls
"Sat, Dec 28, 2019",8:00p,Brooklyn Nets,Houston Rockets
"Sat, Dec 28, 2019",8:00p,Philadelphia 76ers,Miami Heat
"Sat, Dec 28, 2019",8:00p,Cleveland Cavaliers,Minnesota Timberwolves
"Sat, Dec 28, 2019",8:00p,New York Knicks,Washington Wizards
"Sat, Dec 28, 2019",8:30p,Dallas Mavericks,Golden State Warriors
"Sat, Dec 28, 2019",8:30p,Orlando Magic,Milwaukee Bucks
"Sat, Dec 28, 2019",8:30p,Detroit Pistons,San Antonio Spurs
"Sat, Dec 28, 2019",9:00p,Phoenix Suns,Sacramento Kings
"Sat, Dec 28, 2019",10:00p,Los Angeles Lakers,Portland Trail Blazers
"Sat, Dec 28, 2019",10:30p,Utah Jazz,Los Angeles Clippers
"Sun, Dec 29, 2019",6:00p,Oklahoma City Thunder,Toronto Raptors
"Sun, Dec 29, 2019",8:00p,Sacramento Kings,Denver Nuggets
"Sun, Dec 29, 2019",8:00p,Charlotte Hornets,Memphis Grizzlies
"Sun, Dec 29, 2019",8:00p,Houston Rockets,New Orleans Pelicans
"Sun, Dec 29, 2019",9:30p,Dallas Mavericks,Los Angeles Lakers
"Mon, Dec 30, 2019",7:00p,Atlanta Hawks,Orlando Magic
"Mon, Dec 30, 2019",7:00p,Miami Heat,Washington Wizards
"Mon, Dec 30, 2019",8:00p,Milwaukee Bucks,Chicago Bulls
"Mon, Dec 30, 2019",8:00p,Brooklyn Nets,Minnesota Timberwolves
"Mon, Dec 30, 2019",9:00p,Detroit Pistons,Utah Jazz
"Mon, Dec 30, 2019",10:00p,Phoenix Suns,Portland Trail Blazers
"Tue, Dec 31, 2019",3:00p,Boston Celtics,Charlotte Hornets
"Tue, Dec 31, 2019",3:00p,Philadelphia 76ers,Indiana Pacers
"Tue, Dec 31, 2019",5:00p,Los Angeles Clippers,Sacramento Kings
"Tue, Dec 31, 2019",7:00p,Denver Nuggets,Houston Rockets
"Tue, Dec 31, 2019",7:00p,Golden State Warriors,San Antonio Spurs
"Tue, Dec 31, 2019",7:00p,Cleveland Cavaliers,Toronto Raptors
"Tue, Dec 31, 2019",8:00p,Dallas Mavericks,Oklahoma City Thunder
"Wed, Jan 1, 2020",6:00p,Orlando Magic,Washington Wizards
"Wed, Jan 1, 2020",7:30p,Portland Trail Blazers,New York Knicks
"Wed, Jan 1, 2020",8:00p,Minnesota Timberwolves,Milwaukee Bucks
"Wed, Jan 1, 2020",10:30p,Phoenix Suns,Los Angeles Lakers
"Thu, Jan 2, 2020",7:00p,Charlotte Hornets,Cleveland Cavaliers
"Thu, Jan 2, 2020",7:00p,Denver Nuggets,Indiana Pacers
"Thu, Jan 2, 2020",7:30p,Toronto Raptors,Miami Heat
"Thu, Jan 2, 2020",8:00p,Utah Jazz,Chicago Bulls
"Thu, Jan 2, 2020",8:00p,Golden State Warriors,Minnesota Timberwolves
"Thu, Jan 2, 2020",8:30p,Brooklyn Nets,Dallas Mavericks
"Thu, Jan 2, 2020",8:30p,Oklahoma City Thunder,San Antonio Spurs
"Thu, Jan 2, 2020",10:00p,Memphis Grizzlies,Sacramento Kings
"Thu, Jan 2, 2020",10:30p,Detroit Pistons,Los Angeles Clippers
"Fri, Jan 3, 2020",7:00p,Atlanta Hawks,Boston Celtics
"Fri, Jan 3, 2020",7:00p,Miami Heat,Orlando Magic
"Fri, Jan 3, 2020",7:00p,Portland Trail Blazers,Washington Wizards
"Fri, Jan 3, 2020",8:00p,Philadelphia 76ers,Houston Rockets
"Fri, Jan 3, 2020",9:00p,New York Knicks,Phoenix Suns
"Fri, Jan 3, 2020",10:30p,New Orleans Pelicans,Los Angeles Lakers
"Sat, Jan 4, 2020",3:30p,Memphis Grizzlies,Los Angeles Clippers
"Sat, Jan 4, 2020",6:00p,Toronto Raptors,Brooklyn Nets
"Sat, Jan 4, 2020",7:00p,Utah Jazz,Orlando Magic
"Sat, Jan 4, 2020",7:30p,Indiana Pacers,Atlanta Hawks
"Sat, Jan 4, 2020",7:30p,Oklahoma City Thunder,Cleveland Cavaliers
"Sat, Jan 4, 2020",8:00p,Boston Celtics,Chicago Bulls
"Sat, Jan 4, 2020",8:00p,Denver Nuggets,Washington Wizards
"Sat, Jan 4, 2020",8:30p,Charlotte Hornets,Dallas Mavericks
"Sat, Jan 4, 2020",8:30p,Detroit Pistons,Golden State Warriors
"Sat, Jan 4, 2020",8:30p,San Antonio Spurs,Milwaukee Bucks
"Sat, Jan 4, 2020",10:00p,New Orleans Pelicans,Sacramento Kings
"Sun, Jan 5, 2020",3:30p,New York Knicks,Los Angeles Clippers
"Sun, Jan 5, 2020",6:00p,Portland Trail Blazers,Miami Heat
"Sun, Jan 5, 2020",7:30p,Minnesota Timberwolves,Cleveland Cavaliers
"Sun, Jan 5, 2020",8:00p,Memphis Grizzlies,Phoenix Suns
"Sun, Jan 5, 2020",10:00p,Detroit Pistons,Los Angeles Lakers
"Mon, Jan 6, 2020",7:00p,Indiana Pacers,Charlotte Hornets
"Mon, Jan 6, 2020",7:00p,Brooklyn Nets,Orlando Magic
"Mon, Jan 6, 2020",7:00p,Oklahoma City Thunder,Philadelphia 76ers
"Mon, Jan 6, 2020",7:00p,Boston Celtics,Washington Wizards
"Mon, Jan 6, 2020",7:30p,Denver Nuggets,Atlanta Hawks
"Mon, Jan 6, 2020",8:00p,Utah Jazz,New Orleans Pelicans
"Mon, Jan 6, 2020",8:30p,Chicago Bulls,Dallas Mavericks
"Mon, Jan 6, 2020",8:30p,Milwaukee Bucks,San Antonio Spurs
"Mon, Jan 6, 2020",10:00p,Golden State Warriors,Sacramento Kings
"Tue, Jan 7, 2020",7:00p,Detroit Pistons,Cleveland Cavaliers
"Tue, Jan 7, 2020",7:00p,Portland Trail Blazers,Toronto Raptors
"Tue, Jan 7, 2020",7:30p,Oklahoma City Thunder,Brooklyn Nets
"Tue, Jan 7, 2020",8:00p,Minnesota Timberwolves,Memphis Grizzlies
"Tue, Jan 7, 2020",9:00p,Sacramento Kings,Phoenix Suns
"Tue, Jan 7, 2020",10:30p,New York Knicks,Los Angeles Lakers
"Wed, Jan 8, 2020",7:00p,San Antonio Spurs,Boston Celtics
"Wed, Jan 8, 2020",7:00p,Toronto Raptors,Charlotte Hornets
"Wed, Jan 8, 2020",7:00p,Miami Heat,Indiana Pacers
"Wed, Jan 8, 2020",7:00p,Washington Wizards,Orlando Magic
"Wed, Jan 8, 2020",7:30p,Houston Rockets,Atlanta Hawks
"Wed, Jan 8, 2020",7:30p,Denver Nuggets,Dallas Mavericks
"Wed, Jan 8, 2020",8:00p,Chicago Bulls,New Orleans Pelicans
"Wed, Jan 8, 2020",9:00p,New York Knicks,Utah Jazz
"Wed, Jan 8, 2020",10:00p,Milwaukee Bucks,Golden State Warriors
"Thu, Jan 9, 2020",7:00p,Cleveland Cavaliers,Detroit Pistons
"Thu, Jan 9, 2020",7:00p,Boston Celtics,Philadelphia 76ers
"Thu, Jan 9, 2020",8:00p,Portland Trail Blazers,Minnesota Timberwolves
"Thu, Jan 9, 2020",9:30p,Houston Rockets,Oklahoma City Thunder
"Fri, Jan 10, 2020",7:00p,Atlanta Hawks,Washington Wizards
"Fri, Jan 10, 2020",7:30p,Miami Heat,Brooklyn Nets
"Fri, Jan 10, 2020",8:00p,Indiana Pacers,Chicago Bulls
"Fri, Jan 10, 2020",8:00p,San Antonio Spurs,Memphis Grizzlies
"Fri, Jan 10, 2020",8:00p,New Orleans Pelicans,New York Knicks
"Fri, Jan 10, 2020",8:30p,Los Angeles Lakers,Dallas Mavericks
"Fri, Jan 10, 2020",9:00p,Orlando Magic,Phoenix Suns
"Fri, Jan 10, 2020",9:00p,Charlotte Hornets,Utah Jazz
"Fri, Jan 10, 2020",10:00p,Milwaukee Bucks,Sacramento Kings
"Fri, Jan 10, 2020",10:30p,Golden State Warriors,Los Angeles Clippers
"Sat, Jan 11, 2020",5:00p,Minnesota Timberwolves,Houston Rockets
"Sat, Jan 11, 2020",7:00p,New Orleans Pelicans,Boston Celtics
"Sat, Jan 11, 2020",7:00p,Chicago Bulls,Detroit Pistons
"Sat, Jan 11, 2020",8:00p,Los Angeles Lakers,Oklahoma City Thunder
"Sat, Jan 11, 2020",8:30p,Philadelphia 76ers,Dallas Mavericks
"Sat, Jan 11, 2020",9:00p,Cleveland Cavaliers,Denver Nuggets
"Sat, Jan 11, 2020",10:00p,Milwaukee Bucks,Portland Trail Blazers
"Sun, Jan 12, 2020",3:30p,Miami Heat,New York Knicks
"Sun, Jan 12, 2020",3:30p,Utah Jazz,Washington Wizards
"Sun, Jan 12, 2020",6:00p,Atlanta Hawks,Brooklyn Nets
"Sun, Jan 12, 2020",6:00p,Golden State Warriors,Memphis Grizzlies
"Sun, Jan 12, 2020",6:00p,San Antonio Spurs,Toronto Raptors
"Sun, Jan 12, 2020",8:00p,Los Angeles Clippers,Denver Nuggets
"Sun, Jan 12, 2020",8:00p,Charlotte Hornets,Phoenix Suns
"Mon, Jan 13, 2020",7:00p,New Orleans Pelicans,Detroit Pistons
"Mon, Jan 13, 2020",7:00p,Philadelphia 76ers,Indiana Pacers
"Mon, Jan 13, 2020",7:30p,Chicago Bulls,Boston Celtics
"Mon, Jan 13, 2020",8:00p,Oklahoma City Thunder,Minnesota Timberwolves
"Mon, Jan 13, 2020",10:00p,Charlotte Hornets,Portland Trail Blazers
"Mon, Jan 13, 2020",10:00p,Orlando Magic,Sacramento Kings
"Mon, Jan 13, 2020",10:30p,Cleveland Cavaliers,Los Angeles Lakers
"Tue, Jan 14, 2020",7:30p,Phoenix Suns,Atlanta Hawks
"Tue, Jan 14, 2020",7:30p,Utah Jazz,Brooklyn Nets
"Tue, Jan 14, 2020",8:00p,Houston Rockets,Memphis Grizzlies
"Tue, Jan 14, 2020",8:00p,New York Knicks,Milwaukee Bucks
"Tue, Jan 14, 2020",10:30p,Dallas Mavericks,Golden State Warriors
"Tue, Jan 14, 2020",10:30p,Cleveland Cavaliers,Los Angeles Clippers
"Wed, Jan 15, 2020",7:00p,Detroit Pistons,Boston Celtics
"Wed, Jan 15, 2020",7:00p,Brooklyn Nets,Philadelphia 76ers
"Wed, Jan 15, 2020",7:30p,San Antonio Spurs,Miami Heat
"Wed, Jan 15, 2020",8:00p,Washington Wizards,Chicago Bulls
"Wed, Jan 15, 2020",8:00p,Indiana Pacers,Minnesota Timberwolves
"Wed, Jan 15, 2020",8:00p,Toronto Raptors,Oklahoma City Thunder
"Wed, Jan 15, 2020",9:00p,Charlotte Hornets,Denver Nuggets
"Wed, Jan 15, 2020",9:30p,Portland Trail Blazers,Houston Rockets
"Wed, Jan 15, 2020",10:00p,Dallas Mavericks,Sacramento Kings
"Wed, Jan 15, 2020",10:30p,Orlando Magic,Los Angeles Lakers
"Thu, Jan 16, 2020",7:30p,Phoenix Suns,New York Knicks
"Thu, Jan 16, 2020",8:00p,Boston Celtics,Milwaukee Bucks
"Thu, Jan 16, 2020",8:00p,Utah Jazz,New Orleans Pelicans
"Thu, Jan 16, 2020",10:30p,Denver Nuggets,Golden State Warriors
"Thu, Jan 16, 2020",10:30p,Orlando Magic,Los Angeles Clippers
"Fri, Jan 17, 2020",7:00p,Minnesota Timberwolves,Indiana Pacers
"Fri, Jan 17, 2020",7:00p,Chicago Bulls,Philadelphia 76ers
"Fri, Jan 17, 2020",7:00p,Washington Wizards,Toronto Raptors
"Fri, Jan 17, 2020",8:00p,Cleveland Cavaliers,Memphis Grizzlies
"Fri, Jan 17, 2020",8:00p,Miami Heat,Oklahoma City Thunder
"Fri, Jan 17, 2020",8:30p,Atlanta Hawks,San Antonio Spurs
"Fri, Jan 17, 2020",9:30p,Portland Trail Blazers,Dallas Mavericks
"Sat, Jan 18, 2020",3:30p,Los Angeles Clippers,New Orleans Pelicans
"Sat, Jan 18, 2020",6:00p,Milwaukee Bucks,Brooklyn Nets
"Sat, Jan 18, 2020",7:00p,Phoenix Suns,Boston Celtics
"Sat, Jan 18, 2020",7:30p,Detroit Pistons,Atlanta Hawks
"Sat, Jan 18, 2020",7:30p,Philadelphia 76ers,New York Knicks
"Sat, Jan 18, 2020",8:00p,Cleveland Cavaliers,Chicago Bulls
"Sat, Jan 18, 2020",8:00p,Toronto Raptors,Minnesota Timberwolves
"Sat, Jan 18, 2020",8:30p,Orlando Magic,Golden State Warriors
"Sat, Jan 18, 2020",8:30p,Los Angeles Lakers,Houston Rockets
"Sat, Jan 18, 2020",9:00p,Portland Trail Blazers,Oklahoma City Thunder
"Sat, Jan 18, 2020",9:00p,Sacramento Kings,Utah Jazz
"Sun, Jan 19, 2020",3:00p,Miami Heat,San Antonio Spurs
"Sun, Jan 19, 2020",8:00p,Indiana Pacers,Denver Nuggets
"Mon, Jan 20, 2020",2:00p,Detroit Pistons,Washington Wizards
"Mon, Jan 20, 2020",2:30p,Toronto Raptors,Atlanta Hawks
"Mon, Jan 20, 2020",3:00p,Philadelphia 76ers,Brooklyn Nets
"Mon, Jan 20, 2020",5:00p,Orlando Magic,Charlotte Hornets
"Mon, Jan 20, 2020",5:00p,New York Knicks,Cleveland Cavaliers
"Mon, Jan 20, 2020",5:00p,Oklahoma City Thunder,Houston Rockets
"Mon, Jan 20, 2020",5:00p,New Orleans Pelicans,Memphis Grizzlies
"Mon, Jan 20, 2020",5:00p,Sacramento Kings,Miami Heat
"Mon, Jan 20, 2020",5:00p,Chicago Bulls,Milwaukee Bucks
"Mon, Jan 20, 2020",7:30p,Los Angeles Lakers,Boston Celtics
"Mon, Jan 20, 2020",8:00p,Denver Nuggets,Minnesota Timberwolves
"Mon, Jan 20, 2020",9:00p,San Antonio Spurs,Phoenix Suns
"Mon, Jan 20, 2020",9:00p,Indiana Pacers,Utah Jazz
"Mon, Jan 20, 2020",10:00p,Golden State Warriors,Portland Trail Blazers
"Tue, Jan 21, 2020",8:30p,Los Angeles Clippers,Dallas Mavericks
"Wed, Jan 22, 2020",7:00p,Sacramento Kings,Detroit Pistons
"Wed, Jan 22, 2020",7:00p,Oklahoma City Thunder,Orlando Magic
"Wed, Jan 22, 2020",7:30p,Los Angeles Clippers,Atlanta Hawks
"Wed, Jan 22, 2020",7:30p,Memphis Grizzlies,Boston Celtics
"Wed, Jan 22, 2020",7:30p,Washington Wizards,Miami Heat
"Wed, Jan 22, 2020",7:30p,Los Angeles Lakers,New York Knicks
"Wed, Jan 22, 2020",7:30p,Philadelphia 76ers,Toronto Raptors
"Wed, Jan 22, 2020",8:00p,Minnesota Timberwolves,Chicago Bulls
"Wed, Jan 22, 2020",8:00p,Denver Nuggets,Houston Rockets
"Wed, Jan 22, 2020",8:00p,San Antonio Spurs,New Orleans Pelicans
"Wed, Jan 22, 2020",9:00p,Indiana Pacers,Phoenix Suns
"Wed, Jan 22, 2020",10:00p,Utah Jazz,Golden State Warriors
"Thu, Jan 23, 2020",7:00p,Washington Wizards,Cleveland Cavaliers
"Thu, Jan 23, 2020",8:00p,Los Angeles Lakers,Brooklyn Nets
"Thu, Jan 23, 2020",10:30p,Dallas Mavericks,Portland Trail Blazers
"Fri, Jan 24, 2020",3:00p,Milwaukee Bucks,Charlotte Hornets
"Fri, Jan 24, 2020",7:00p,Memphis Grizzlies,Detroit Pistons
"Fri, Jan 24, 2020",7:00p,Boston Celtics,Orlando Magic
"Fri, Jan 24, 2020",7:30p,Toronto Raptors,New York Knicks
"Fri, Jan 24, 2020",8:00p,Sacramento Kings,Chicago Bulls
"Fri, Jan 24, 2020",8:00p,Los Angeles Clippers,Miami Heat
"Fri, Jan 24, 2020",8:00p,Houston Rockets,Minnesota Timberwolves
"Fri, Jan 24, 2020",8:00p,Denver Nuggets,New Orleans Pelicans
"Fri, Jan 24, 2020",8:00p,Atlanta Hawks,Oklahoma City Thunder
"Fri, Jan 24, 2020",8:30p,Phoenix Suns,San Antonio Spurs
"Fri, Jan 24, 2020",10:30p,Indiana Pacers,Golden State Warriors
"Sat, Jan 25, 2020",5:00p,Dallas Mavericks,Utah Jazz
"Sat, Jan 25, 2020",7:00p,Brooklyn Nets,Detroit Pistons
"Sat, Jan 25, 2020",8:00p,Chicago Bulls,Cleveland Cavaliers
"Sat, Jan 25, 2020",8:00p,Oklahoma City Thunder,Minnesota Timberwolves
"Sat, Jan 25, 2020",8:30p,Los Angeles Lakers,Philadelphia 76ers
"Sun, Jan 26, 2020",3:30p,Houston Rockets,Denver Nuggets
"Sun, Jan 26, 2020",4:00p,Toronto Raptors,San Antonio Spurs
"Sun, Jan 26, 2020",6:00p,Washington Wizards,Atlanta Hawks
"Sun, Jan 26, 2020",6:00p,Phoenix Suns,Memphis Grizzlies
"Sun, Jan 26, 2020",6:00p,Boston Celtics,New Orleans Pelicans
"Sun, Jan 26, 2020",6:00p,Brooklyn Nets,New York Knicks
"Sun, Jan 26, 2020",6:00p,Los Angeles Clippers,Orlando Magic
"Sun, Jan 26, 2020",9:00p,Indiana Pacers,Portland Trail Blazers
"Mon, Jan 27, 2020",7:00p,Cleveland Cavaliers,Detroit Pistons
"Mon, Jan 27, 2020",7:30p,Orlando Magic,Miami Heat
"Mon, Jan 27, 2020",8:00p,San Antonio Spurs,Chicago Bulls
"Mon, Jan 27, 2020",8:00p,Sacramento Kings,Minnesota Timberwolves
"Mon, Jan 27, 2020",8:00p,Dallas Mavericks,Oklahoma City Thunder
"Mon, Jan 27, 2020",9:00p,Houston Rockets,Utah Jazz
"Tue, Jan 28, 2020",7:00p,New York Knicks,Charlotte Hornets
"Tue, Jan 28, 2020",7:30p,New Orleans Pelicans,Cleveland Cavaliers
"Tue, Jan 28, 2020",7:30p,Boston Celtics,Miami Heat
"Tue, Jan 28, 2020",7:30p,Golden State Warriors,Philadelphia 76ers
"Tue, Jan 28, 2020",7:30p,Atlanta Hawks,Toronto Raptors
"Tue, Jan 28, 2020",8:00p,Denver Nuggets,Memphis Grizzlies
"Tue, Jan 28, 2020",8:00p,Washington Wizards,Milwaukee Bucks
"Tue, Jan 28, 2020",8:30p,Phoenix Suns,Dallas Mavericks
"Tue, Jan 28, 2020",10:00p,Los Angeles Clippers,Los Angeles Lakers
"Wed, Jan 29, 2020",7:00p,Chicago Bulls,Indiana Pacers
"Wed, Jan 29, 2020",7:30p,Detroit Pistons,Brooklyn Nets
"Wed, Jan 29, 2020",7:30p,Memphis Grizzlies,New York Knicks
"Wed, Jan 29, 2020",8:30p,Utah Jazz,San Antonio Spurs
"Wed, Jan 29, 2020",10:00p,Houston Rockets,Portland Trail Blazers
"Wed, Jan 29, 2020",10:00p,Oklahoma City Thunder,Sacramento Kings
"Thu, Jan 30, 2020",7:00p,Toronto Raptors,Cleveland Cavaliers
"Thu, Jan 30, 2020",7:00p,Charlotte Hornets,Washington Wizards
"Thu, Jan 30, 2020",7:30p,Philadelphia 76ers,Atlanta Hawks
"Thu, Jan 30, 2020",8:00p,Golden State Warriors,Boston Celtics
"Thu, Jan 30, 2020",10:30p,Utah Jazz,Denver Nuggets
"Thu, Jan 30, 2020",10:30p,Sacramento Kings,Los Angeles Clippers
"Fri, Jan 31, 2020",7:00p,Toronto Raptors,Detroit Pistons
"Fri, Jan 31, 2020",7:30p,Chicago Bulls,Brooklyn Nets
"Fri, Jan 31, 2020",8:00p,Dallas Mavericks,Houston Rockets
"Fri, Jan 31, 2020",8:00p,Memphis Grizzlies,New Orleans Pelicans
"Fri, Jan 31, 2020",9:00p,Denver Nuggets,Milwaukee Bucks
"Fri, Jan 31, 2020",9:00p,Oklahoma City Thunder,Phoenix Suns
"Fri, Jan 31, 2020",10:30p,Portland Trail Blazers,Los Angeles Lakers
"Sat, Feb 1, 2020",3:30p,Minnesota Timberwolves,Los Angeles Clippers
"Sat, Feb 1, 2020",7:00p,New York Knicks,Indiana Pacers
"Sat, Feb 1, 2020",7:00p,Miami Heat,Orlando Magic
"Sat, Feb 1, 2020",8:00p,Golden State Warriors,Cleveland Cavaliers
"Sat, Feb 1, 2020",8:00p,Brooklyn Nets,Washington Wizards
"Sat, Feb 1, 2020",8:30p,Philadelphia 76ers,Boston Celtics
"Sat, Feb 1, 2020",8:30p,Atlanta Hawks,Dallas Mavericks
"Sat, Feb 1, 2020",9:00p,Charlotte Hornets,San Antonio Spurs
"Sat, Feb 1, 2020",10:00p,Utah Jazz,Portland Trail Blazers
"Sat, Feb 1, 2020",10:00p,Los Angeles Lakers,Sacramento Kings
"Sun, Feb 2, 2020",12:30p,Denver Nuggets,Detroit Pistons
"Sun, Feb 2, 2020",2:00p,New Orleans Pelicans,Houston Rockets
"Sun, Feb 2, 2020",2:00p,Phoenix Suns,Milwaukee Bucks
"Sun, Feb 2, 2020",3:00p,Chicago Bulls,Toronto Raptors
"Mon, Feb 3, 2020",7:00p,Orlando Magic,Charlotte Hornets
"Mon, Feb 3, 2020",7:00p,New York Knicks,Cleveland Cavaliers
"Mon, Feb 3, 2020",7:00p,Dallas Mavericks,Indiana Pacers
"Mon, Feb 3, 2020",7:00p,Golden State Warriors,Washington Wizards
"Mon, Feb 3, 2020",7:30p,Boston Celtics,Atlanta Hawks
"Mon, Feb 3, 2020",7:30p,Phoenix Suns,Brooklyn Nets
"Mon, Feb 3, 2020",7:30p,Philadelphia 76ers,Miami Heat
"Mon, Feb 3, 2020",8:00p,Detroit Pistons,Memphis Grizzlies
"Mon, Feb 3, 2020",10:00p,Minnesota Timberwolves,Sacramento Kings
"Mon, Feb 3, 2020",10:30p,San Antonio Spurs,Los Angeles Clippers
"Tue, Feb 4, 2020",7:30p,Milwaukee Bucks,New Orleans Pelicans
"Tue, Feb 4, 2020",8:00p,Charlotte Hornets,Houston Rockets
"Tue, Feb 4, 2020",10:00p,Portland Trail Blazers,Denver Nuggets
"Tue, Feb 4, 2020",10:30p,San Antonio Spurs,Los Angeles Lakers
"Wed, Feb 5, 2020",7:00p,Phoenix Suns,Detroit Pistons
"Wed, Feb 5, 2020",7:30p,Orlando Magic,Boston Celtics
"Wed, Feb 5, 2020",7:30p,Golden State Warriors,Brooklyn Nets
"Wed, Feb 5, 2020",7:30p,Indiana Pacers,Toronto Raptors
"Wed, Feb 5, 2020",8:00p,Atlanta Hawks,Minnesota Timberwolves
"Wed, Feb 5, 2020",8:00p,Cleveland Cavaliers,Oklahoma City Thunder
"Wed, Feb 5, 2020",8:30p,Memphis Grizzlies,Dallas Mavericks
"Wed, Feb 5, 2020",10:00p,Denver Nuggets,Utah Jazz
"Wed, Feb 5, 2020",10:30p,Miami Heat,Los Angeles Clippers
"Thu, Feb 6, 2020",7:30p,Orlando Magic,New York Knicks
"Thu, Feb 6, 2020",8:00p,New Orleans Pelicans,Chicago Bulls
"Thu, Feb 6, 2020",8:00p,Philadelphia 76ers,Milwaukee Bucks
"Thu, Feb 6, 2020",10:00p,San Antonio Spurs,Portland Trail Blazers
"Thu, Feb 6, 2020",10:30p,Houston Rockets,Los Angeles Lakers
"Fri, Feb 7, 2020",7:00p,Memphis Grizzlies,Philadelphia 76ers
"Fri, Feb 7, 2020",7:00p,Dallas Mavericks,Washington Wizards
"Fri, Feb 7, 2020",7:30p,Atlanta Hawks,Boston Celtics
"Fri, Feb 7, 2020",8:00p,Toronto Raptors,Indiana Pacers
"Fri, Feb 7, 2020",8:00p,Detroit Pistons,Oklahoma City Thunder
"Fri, Feb 7, 2020",9:00p,Houston Rockets,Phoenix Suns
"Fri, Feb 7, 2020",10:00p,Miami Heat,Sacramento Kings
"Fri, Feb 7, 2020",10:30p,Portland Trail Blazers,Utah Jazz
"Sat, Feb 8, 2020",5:00p,Milwaukee Bucks,Orlando Magic
"Sat, Feb 8, 2020",7:00p,Dallas Mavericks,Charlotte Hornets
"Sat, Feb 8, 2020",7:00p,New York Knicks,Detroit Pistons
"Sat, Feb 8, 2020",7:30p,New Orleans Pelicans,Indiana Pacers
"Sat, Feb 8, 2020",7:30p,Brooklyn Nets,Toronto Raptors
"Sat, Feb 8, 2020",8:00p,Los Angeles Clippers,Minnesota Timberwolves
"Sat, Feb 8, 2020",8:30p,Los Angeles Lakers,Golden State Warriors
"Sat, Feb 8, 2020",9:00p,Denver Nuggets,Phoenix Suns
"Sat, Feb 8, 2020",10:00p,San Antonio Spurs,Sacramento Kings
"Sun, Feb 9, 2020",3:30p,Boston Celtics,Oklahoma City Thunder
"Sun, Feb 9, 2020",6:00p,New York Knicks,Atlanta Hawks
"Sun, Feb 9, 2020",6:00p,Chicago Bulls,Philadelphia 76ers
"Sun, Feb 9, 2020",6:00p,Memphis Grizzlies,Washington Wizards
"Sun, Feb 9, 2020",7:00p,Utah Jazz,Houston Rockets
"Sun, Feb 9, 2020",7:30p,Los Angeles Clippers,Cleveland Cavaliers
"Sun, Feb 9, 2020",9:00p,Miami Heat,Portland Trail Blazers
"Mon, Feb 10, 2020",7:00p,Charlotte Hornets,Detroit Pistons
"Mon, Feb 10, 2020",7:00p,Brooklyn Nets,Indiana Pacers
"Mon, Feb 10, 2020",7:00p,Atlanta Hawks,Orlando Magic
"Mon, Feb 10, 2020",7:30p,Minnesota Timberwolves,Toronto Raptors
"Mon, Feb 10, 2020",8:00p,Sacramento Kings,Milwaukee Bucks
"Mon, Feb 10, 2020",8:30p,Utah Jazz,Dallas Mavericks
"Mon, Feb 10, 2020",9:00p,San Antonio Spurs,Denver Nuggets
"Mon, Feb 10, 2020",10:30p,Miami Heat,Golden State Warriors
"Mon, Feb 10, 2020",10:30p,Phoenix Suns,Los Angeles Lakers
"Tue, Feb 11, 2020",7:00p,Los Angeles Clippers,Philadelphia 76ers
"Tue, Feb 11, 2020",7:00p,Chicago Bulls,Washington Wizards
"Tue, Feb 11, 2020",8:00p,Portland Trail Blazers,New Orleans Pelicans
"Tue, Feb 11, 2020",8:00p,San Antonio Spurs,Oklahoma City Thunder
"Tue, Feb 11, 2020",9:30p,Boston Celtics,Houston Rockets
"Wed, Feb 12, 2020",7:00p,Atlanta Hawks,Cleveland Cavaliers
"Wed, Feb 12, 2020",7:00p,Detroit Pistons,Orlando Magic
"Wed, Feb 12, 2020",7:30p,Toronto Raptors,Brooklyn Nets
"Wed, Feb 12, 2020",7:30p,Milwaukee Bucks,Indiana Pacers
"Wed, Feb 12, 2020",7:30p,Washington Wizards,New York Knicks
"Wed, Feb 12, 2020",8:00p,Portland Trail Blazers,Memphis Grizzlies
"Wed, Feb 12, 2020",8:00p,Charlotte Hornets,Minnesota Timberwolves
"Wed, Feb 12, 2020",8:30p,Sacramento Kings,Dallas Mavericks
"Wed, Feb 12, 2020",9:00p,Golden State Warriors,Phoenix Suns
"Wed, Feb 12, 2020",9:00p,Miami Heat,Utah Jazz
"Wed, Feb 12, 2020",10:00p,Los Angeles Lakers,Denver Nuggets
"Thu, Feb 13, 2020",8:00p,Los Angeles Clippers,Boston Celtics
"Thu, Feb 13, 2020",8:00p,Oklahoma City Thunder,New Orleans Pelicans
"Thu, Feb 20, 2020",7:00p,Milwaukee Bucks,Detroit Pistons
"Thu, Feb 20, 2020",7:30p,Miami Heat,Atlanta Hawks
"Thu, Feb 20, 2020",8:00p,Charlotte Hornets,Chicago Bulls
"Thu, Feb 20, 2020",8:00p,Brooklyn Nets,Philadelphia 76ers
"Thu, Feb 20, 2020",10:00p,Memphis Grizzlies,Sacramento Kings
"Thu, Feb 20, 2020",10:30p,Houston Rockets,Golden State Warriors
"Fri, Feb 21, 2020",7:00p,Dallas Mavericks,Orlando Magic
"Fri, Feb 21, 2020",7:00p,Cleveland Cavaliers,Washington Wizards
"Fri, Feb 21, 2020",7:30p,Indiana Pacers,New York Knicks
"Fri, Feb 21, 2020",7:30p,Phoenix Suns,Toronto Raptors
"Fri, Feb 21, 2020",8:00p,Boston Celtics,Minnesota Timberwolves
"Fri, Feb 21, 2020",8:00p,Denver Nuggets,Oklahoma City Thunder
"Fri, Feb 21, 2020",9:00p,San Antonio Spurs,Utah Jazz
"Fri, Feb 21, 2020",10:30p,Memphis Grizzlies,Los Angeles Lakers
"Fri, Feb 21, 2020",10:30p,New Orleans Pelicans,Portland Trail Blazers
"Sat, Feb 22, 2020",3:30p,Sacramento Kings,Los Angeles Clippers
"Sat, Feb 22, 2020",7:00p,Brooklyn Nets,Charlotte Hornets
"Sat, Feb 22, 2020",7:30p,Dallas Mavericks,Atlanta Hawks
"Sat, Feb 22, 2020",8:00p,Phoenix Suns,Chicago Bulls
"Sat, Feb 22, 2020",8:00p,Cleveland Cavaliers,Miami Heat
"Sat, Feb 22, 2020",8:30p,Philadelphia 76ers,Milwaukee Bucks
"Sat, Feb 22, 2020",9:00p,Houston Rockets,Utah Jazz
"Sun, Feb 23, 2020",3:30p,Boston Celtics,Los Angeles Lakers
"Sun, Feb 23, 2020",6:00p,Minnesota Timberwolves,Denver Nuggets
"Sun, Feb 23, 2020",6:00p,Indiana Pacers,Toronto Raptors
"Sun, Feb 23, 2020",7:00p,Washington Wizards,Chicago Bulls
"Sun, Feb 23, 2020",7:00p,San Antonio Spurs,Oklahoma City Thunder
"Sun, Feb 23, 2020",8:30p,New Orleans Pelicans,Golden State Warriors
"Sun, Feb 23, 2020",9:00p,Detroit Pistons,Portland Trail Blazers
"Mon, Feb 24, 2020",7:00p,Miami Heat,Cleveland Cavaliers
"Mon, Feb 24, 2020",7:00p,Atlanta Hawks,Philadelphia 76ers
"Mon, Feb 24, 2020",7:00p,Milwaukee Bucks,Washington Wizards
"Mon, Feb 24, 2020",7:30p,Orlando Magic,Brooklyn Nets
"Mon, Feb 24, 2020",8:00p,New York Knicks,Houston Rockets
"Mon, Feb 24, 2020",8:30p,Minnesota Timberwolves,Dallas Mavericks
"Mon, Feb 24, 2020",9:00p,Phoenix Suns,Utah Jazz
"Mon, Feb 24, 2020",10:30p,Memphis Grizzlies,Los Angeles Clippers
"Tue, Feb 25, 2020",7:00p,Charlotte Hornets,Indiana Pacers
"Tue, Feb 25, 2020",7:30p,Milwaukee Bucks,Toronto Raptors
"Tue, Feb 25, 2020",8:00p,Oklahoma City Thunder,Chicago Bulls
"Tue, Feb 25, 2020",9:00p,Detroit Pistons,Denver Nuggets
"Tue, Feb 25, 2020",10:00p,New Orleans Pelicans,Los Angeles Lakers
"Tue, Feb 25, 2020",10:00p,Boston Celtics,Portland Trail Blazers
"Tue, Feb 25, 2020",10:30p,Sacramento Kings,Golden State Warriors
"Wed, Feb 26, 2020",7:00p,New York Knicks,Charlotte Hornets
"Wed, Feb 26, 2020",7:00p,Philadelphia 76ers,Cleveland Cavaliers
"Wed, Feb 26, 2020",7:00p,Brooklyn Nets,Washington Wizards
"Wed, Feb 26, 2020",7:30p,Orlando Magic,Atlanta Hawks
"Wed, Feb 26, 2020",7:30p,Minnesota Timberwolves,Miami Heat
"Wed, Feb 26, 2020",7:30p,Dallas Mavericks,San Antonio Spurs
"Wed, Feb 26, 2020",8:00p,Memphis Grizzlies,Houston Rockets
"Wed, Feb 26, 2020",9:00p,Los Angeles Clippers,Phoenix Suns
"Wed, Feb 26, 2020",10:00p,Boston Celtics,Utah Jazz
"Thu, Feb 27, 2020",7:00p,New York Knicks,Philadelphia 76ers
"Thu, Feb 27, 2020",8:00p,Portland Trail Blazers,Indiana Pacers
"Thu, Feb 27, 2020",8:00p,Sacramento Kings,Oklahoma City Thunder
"Thu, Feb 27, 2020",10:30p,Los Angeles Lakers,Golden State Warriors
"Fri, Feb 28, 2020",7:00p,Minnesota Timberwolves,Orlando Magic
"Fri, Feb 28, 2020",7:30p,Brooklyn Nets,Atlanta Hawks
"Fri, Feb 28, 2020",7:30p,Charlotte Hornets,Toronto Raptors
"Fri, Feb 28, 2020",8:00p,Sacramento Kings,Memphis Grizzlies
"Fri, Feb 28, 2020",8:00p,Dallas Mavericks,Miami Heat
"Fri, Feb 28, 2020",8:00p,Oklahoma City Thunder,Milwaukee Bucks
"Fri, Feb 28, 2020",8:00p,Cleveland Cavaliers,New Orleans Pelicans
"Fri, Feb 28, 2020",9:00p,Detroit Pistons,Phoenix Suns
"Fri, Feb 28, 2020",9:00p,Washington Wizards,Utah Jazz
"Fri, Feb 28, 2020",10:30p,Denver Nuggets,Los Angeles Clippers
"Sat, Feb 29, 2020",5:00p,Chicago Bulls,New York Knicks
"Sat, Feb 29, 2020",7:30p,Portland Trail Blazers,Atlanta Hawks
"Sat, Feb 29, 2020",7:30p,Brooklyn Nets,Miami Heat
"Sat, Feb 29, 2020",8:00p,Indiana Pacers,Cleveland Cavaliers
"Sat, Feb 29, 2020",8:00p,Los Angeles Lakers,Memphis Grizzlies
"Sat, Feb 29, 2020",8:30p,Houston Rockets,Boston Celtics
"Sat, Feb 29, 2020",8:30p,Orlando Magic,San Antonio Spurs
"Sat, Feb 29, 2020",9:00p,Golden State Warriors,Phoenix Suns
"Sun, Mar 1, 2020",1:00p,Milwaukee Bucks,Charlotte Hornets
"Sun, Mar 1, 2020",3:30p,Philadelphia 76ers,Los Angeles Clippers
"Sun, Mar 1, 2020",3:30p,Dallas Mavericks,Minnesota Timberwolves
"Sun, Mar 1, 2020",6:00p,Toronto Raptors,Denver Nuggets
"Sun, Mar 1, 2020",6:00p,Detroit Pistons,Sacramento Kings
"Sun, Mar 1, 2020",8:00p,Los Angeles Lakers,New Orleans Pelicans
"Sun, Mar 1, 2020",8:30p,Washington Wizards,Golden State Warriors
"Mon, Mar 2, 2020",7:00p,Utah Jazz,Cleveland Cavaliers
"Mon, Mar 2, 2020",7:00p,Houston Rockets,New York Knicks
"Mon, Mar 2, 2020",7:00p,Portland Trail Blazers,Orlando Magic
"Mon, Mar 2, 2020",7:30p,Memphis Grizzlies,Atlanta Hawks
"Mon, Mar 2, 2020",7:30p,Milwaukee Bucks,Miami Heat
"Mon, Mar 2, 2020",8:00p,Dallas Mavericks,Chicago Bulls
"Mon, Mar 2, 2020",8:30p,Indiana Pacers,San Antonio Spurs
"Tue, Mar 3, 2020",7:00p,San Antonio Spurs,Charlotte Hornets
"Tue, Mar 3, 2020",7:30p,Brooklyn Nets,Boston Celtics
"Tue, Mar 3, 2020",8:00p,Minnesota Timberwolves,New Orleans Pelicans
"Tue, Mar 3, 2020",8:00p,Los Angeles Clippers,Oklahoma City Thunder
"Tue, Mar 3, 2020",9:00p,Golden State Warriors,Denver Nuggets
"Tue, Mar 3, 2020",9:00p,Toronto Raptors,Phoenix Suns
"Tue, Mar 3, 2020",10:00p,Philadelphia 76ers,Los Angeles Lakers
"Tue, Mar 3, 2020",10:00p,Washington Wizards,Sacramento Kings
"Wed, Mar 4, 2020",7:00p,Boston Celtics,Cleveland Cavaliers
"Wed, Mar 4, 2020",7:00p,Oklahoma City Thunder,Detroit Pistons
"Wed, Mar 4, 2020",7:00p,Orlando Magic,Miami Heat
"Wed, Mar 4, 2020",7:30p,Memphis Grizzlies,Brooklyn Nets
"Wed, Mar 4, 2020",7:30p,Utah Jazz,New York Knicks
"Wed, Mar 4, 2020",8:00p,Chicago Bulls,Minnesota Timberwolves
"Wed, Mar 4, 2020",8:30p,New Orleans Pelicans,Dallas Mavericks
"Wed, Mar 4, 2020",9:30p,Indiana Pacers,Milwaukee Bucks
"Wed, Mar 4, 2020",10:00p,Washington Wizards,Portland Trail Blazers
"Thu, Mar 5, 2020",7:00p,Denver Nuggets,Charlotte Hornets
"Thu, Mar 5, 2020",8:00p,Los Angeles Clippers,Houston Rockets
"Thu, Mar 5, 2020",10:00p,Philadelphia 76ers,Sacramento Kings
"Thu, Mar 5, 2020",10:30p,Toronto Raptors,Golden State Warriors
"Fri, Mar 6, 2020",7:00p,Atlanta Hawks,Washington Wizards
"Fri, Mar 6, 2020",7:30p,San Antonio Spurs,Brooklyn Nets
"Fri, Mar 6, 2020",7:30p,Oklahoma City Thunder,New York Knicks
"Fri, Mar 6, 2020",8:00p,Utah Jazz,Boston Celtics
"Fri, Mar 6, 2020",8:00p,Indiana Pacers,Chicago Bulls
"Fri, Mar 6, 2020",8:00p,Orlando Magic,Minnesota Timberwolves
"Fri, Mar 6, 2020",8:00p,Miami Heat,New Orleans Pelicans
"Fri, Mar 6, 2020",8:30p,Memphis Grizzlies,Dallas Mavericks
"Fri, Mar 6, 2020",9:00p,Portland Trail Blazers,Phoenix Suns
"Fri, Mar 6, 2020",10:30p,Milwaukee Bucks,Los Angeles Lakers
"Sat, Mar 7, 2020",5:00p,Houston Rockets,Charlotte Hornets
"Sat, Mar 7, 2020",7:00p,Utah Jazz,Detroit Pistons
"Sat, Mar 7, 2020",7:30p,Denver Nuggets,Cleveland Cavaliers
"Sat, Mar 7, 2020",8:00p,Atlanta Hawks,Memphis Grizzlies
"Sat, Mar 7, 2020",8:30p,Philadelphia 76ers,Golden State Warriors
"Sat, Mar 7, 2020",10:00p,Sacramento Kings,Portland Trail Blazers
"Sun, Mar 8, 2020",3:00p,Chicago Bulls,Brooklyn Nets
"Sun, Mar 8, 2020",3:30p,Los Angeles Lakers,Los Angeles Clippers
"Sun, Mar 8, 2020",3:30p,New Orleans Pelicans,Minnesota Timberwolves
"Sun, Mar 8, 2020",6:00p,Oklahoma City Thunder,Boston Celtics
"Sun, Mar 8, 2020",6:00p,Milwaukee Bucks,Phoenix Suns
"Sun, Mar 8, 2020",7:00p,Indiana Pacers,Dallas Mavericks
"Sun, Mar 8, 2020",7:00p,Orlando Magic,Houston Rockets
"Sun, Mar 8, 2020",7:00p,Miami Heat,Washington Wizards
"Sun, Mar 8, 2020",7:30p,San Antonio Spurs,Cleveland Cavaliers
"Sun, Mar 8, 2020",7:30p,Detroit Pistons,New York Knicks
"Sun, Mar 8, 2020",9:00p,Toronto Raptors,Sacramento Kings
"Mon, Mar 9, 2020",7:30p,Charlotte Hornets,Atlanta Hawks
"Mon, Mar 9, 2020",9:00p,Milwaukee Bucks,Denver Nuggets
"Mon, Mar 9, 2020",9:00p,Toronto Raptors,Utah Jazz
"Tue, Mar 10, 2020",7:00p,Boston Celtics,Indiana Pacers
"Tue, Mar 10, 2020",7:00p,New York Knicks,Washington Wizards
"Tue, Mar 10, 2020",8:00p,Cleveland Cavaliers,Chicago Bulls
"Tue, Mar 10, 2020",8:00p,Minnesota Timberwolves,Houston Rockets
"Tue, Mar 10, 2020",8:00p,Orlando Magic,Memphis Grizzlies
"Tue, Mar 10, 2020",8:00p,Dallas Mavericks,San Antonio Spurs
"Tue, Mar 10, 2020",10:00p,Phoenix Suns,Portland Trail Blazers
"Tue, Mar 10, 2020",10:30p,Los Angeles Clippers,Golden State Warriors
"Tue, Mar 10, 2020",10:30p,Brooklyn Nets,Los Angeles Lakers
"Wed, Mar 11, 2020",7:30p,New York Knicks,Atlanta Hawks
"Wed, Mar 11, 2020",7:30p,Charlotte Hornets,Miami Heat
"Wed, Mar 11, 2020",7:30p,Detroit Pistons,Philadelphia 76ers
"Wed, Mar 11, 2020",8:00p,Utah Jazz,Oklahoma City Thunder
"Wed, Mar 11, 2020",8:30p,Denver Nuggets,Dallas Mavericks
"Wed, Mar 11, 2020",10:00p,New Orleans Pelicans,Sacramento Kings
"Thu, Mar 12, 2020",7:00p,Chicago Bulls,Orlando Magic
"Thu, Mar 12, 2020",8:00p,Boston Celtics,Milwaukee Bucks
"Thu, Mar 12, 2020",10:00p,Memphis Grizzlies,Portland Trail Blazers
"Thu, Mar 12, 2020",10:30p,Brooklyn Nets,Golden State Warriors
"Thu, Mar 12, 2020",10:30p,Houston Rockets,Los Angeles Lakers
"Fri, Mar 13, 2020",7:00p,Cleveland Cavaliers,Charlotte Hornets
"Fri, Mar 13, 2020",7:30p,Washington Wizards,Boston Celtics
"Fri, Mar 13, 2020",8:00p,New York Knicks,Miami Heat
"Fri, Mar 13, 2020",8:00p,Minnesota Timberwolves,Oklahoma City Thunder
"Fri, Mar 13, 2020",8:30p,Denver Nuggets,San Antonio Spurs
"Fri, Mar 13, 2020",9:00p,New Orleans Pelicans,Utah Jazz
"Fri, Mar 13, 2020",10:30p,Brooklyn Nets,Los Angeles Clippers
"Sat, Mar 14, 2020",2:00p,Phoenix Suns,Dallas Mavericks
"Sat, Mar 14, 2020",7:30p,Cleveland Cavaliers,Atlanta Hawks
"Sat, Mar 14, 2020",7:30p,Indiana Pacers,Philadelphia 76ers
"Sat, Mar 14, 2020",7:30p,Detroit Pistons,Toronto Raptors
"Sat, Mar 14, 2020",8:00p,Chicago Bulls,Miami Heat
"Sat, Mar 14, 2020",8:30p,Golden State Warriors,Milwaukee Bucks
"Sat, Mar 14, 2020",8:30p,Minnesota Timberwolves,San Antonio Spurs
"Sat, Mar 14, 2020",9:00p,Memphis Grizzlies,Utah Jazz
"Sat, Mar 14, 2020",10:30p,New Orleans Pelicans,Los Angeles Clippers
"Sun, Mar 15, 2020",3:30p,Houston Rockets,Portland Trail Blazers
"Sun, Mar 15, 2020",6:00p,Charlotte Hornets,Orlando Magic
"Sun, Mar 15, 2020",6:00p,Oklahoma City Thunder,Washington Wizards
"Sun, Mar 15, 2020",8:00p,Boston Celtics,Chicago Bulls
"Sun, Mar 15, 2020",9:00p,Denver Nuggets,Los Angeles Lakers
"Sun, Mar 15, 2020",9:00p,Brooklyn Nets,Sacramento Kings
"Mon, Mar 16, 2020",7:00p,Washington Wizards,Philadelphia 76ers
"Mon, Mar 16, 2020",8:00p,Miami Heat,Milwaukee Bucks
"Mon, Mar 16, 2020",8:00p,Atlanta Hawks,New Orleans Pelicans
"Mon, Mar 16, 2020",8:00p,Golden State Warriors,Toronto Raptors
"Mon, Mar 16, 2020",8:30p,Memphis Grizzlies,San Antonio Spurs
"Mon, Mar 16, 2020",9:00p,Los Angeles Lakers,Utah Jazz
"Mon, Mar 16, 2020",10:30p,Dallas Mavericks,Los Angeles Clippers
"Tue, Mar 17, 2020",7:00p,Orlando Magic,Detroit Pistons
"Tue, Mar 17, 2020",7:30p,Charlotte Hornets,New York Knicks
"Tue, Mar 17, 2020",8:00p,Cleveland Cavaliers,Houston Rockets
"Tue, Mar 17, 2020",8:00p,Oklahoma City Thunder,Memphis Grizzlies
"Tue, Mar 17, 2020",10:00p,Minnesota Timberwolves,Portland Trail Blazers
"Tue, Mar 17, 2020",10:00p,Dallas Mavericks,Sacramento Kings
"Wed, Mar 18, 2020",7:00p,Toronto Raptors,Philadelphia 76ers
"Wed, Mar 18, 2020",7:30p,Oklahoma City Thunder,Atlanta Hawks
"Wed, Mar 18, 2020",7:30p,New York Knicks,Boston Celtics
"Wed, Mar 18, 2020",7:30p,Washington Wizards,Brooklyn Nets
"Wed, Mar 18, 2020",7:30p,Golden State Warriors,Indiana Pacers
"Wed, Mar 18, 2020",8:00p,Miami Heat,Chicago Bulls
"Wed, Mar 18, 2020",8:00p,San Antonio Spurs,New Orleans Pelicans
"Wed, Mar 18, 2020",9:00p,Los Angeles Clippers,Denver Nuggets
"Wed, Mar 18, 2020",10:00p,Utah Jazz,Los Angeles Lakers
"Wed, Mar 18, 2020",10:00p,Minnesota Timberwolves,Phoenix Suns
"Thu, Mar 19, 2020",7:00p,Philadelphia 76ers,Charlotte Hornets
"Thu, Mar 19, 2020",7:00p,Cleveland Cavaliers,Orlando Magic
"Thu, Mar 19, 2020",8:00p,Sacramento Kings,Houston Rockets
"Thu, Mar 19, 2020",8:00p,Memphis Grizzlies,Milwaukee Bucks
"Thu, Mar 19, 2020",10:00p,Dallas Mavericks,Portland Trail Blazers
"Fri, Mar 20, 2020",7:00p,Golden State Warriors,Detroit Pistons
"Fri, Mar 20, 2020",7:00p,Miami Heat,Indiana Pacers
"Fri, Mar 20, 2020",7:30p,Washington Wizards,Atlanta Hawks
"Fri, Mar 20, 2020",7:30p,Boston Celtics,Toronto Raptors
"Fri, Mar 20, 2020",8:00p,Denver Nuggets,Oklahoma City Thunder
"Fri, Mar 20, 2020",8:30p,Chicago Bulls,San Antonio Spurs
"Fri, Mar 20, 2020",9:00p,Minnesota Timberwolves,Utah Jazz
"Fri, Mar 20, 2020",10:30p,Phoenix Suns,Los Angeles Clippers
"Sat, Mar 21, 2020",6:00p,Boston Celtics,Brooklyn Nets
"Sat, Mar 21, 2020",7:00p,Los Angeles Lakers,Charlotte Hornets
"Sat, Mar 21, 2020",7:00p,Cleveland Cavaliers,Indiana Pacers
"Sat, Mar 21, 2020",7:00p,Sacramento Kings,Orlando Magic
"Sat, Mar 21, 2020",7:00p,Atlanta Hawks,Philadelphia 76ers
"Sat, Mar 21, 2020",7:30p,Golden State Warriors,New York Knicks
"Sat, Mar 21, 2020",8:00p,Chicago Bulls,Houston Rockets
"Sat, Mar 21, 2020",8:00p,New Orleans Pelicans,Memphis Grizzlies
"Sat, Mar 21, 2020",8:00p,Milwaukee Bucks,Washington Wizards
"Sat, Mar 21, 2020",10:00p,Dallas Mavericks,Phoenix Suns
"Sun, Mar 22, 2020",6:00p,Los Angeles Lakers,Detroit Pistons
"Sun, Mar 22, 2020",6:00p,Denver Nuggets,Toronto Raptors
"Sun, Mar 22, 2020",7:00p,Portland Trail Blazers,Minnesota Timberwolves
"Sun, Mar 22, 2020",7:00p,Sacramento Kings,New Orleans Pelicans
"Sun, Mar 22, 2020",7:00p,Utah Jazz,San Antonio Spurs
"Mon, Mar 23, 2020",7:00p,Phoenix Suns,Indiana Pacers
"Mon, Mar 23, 2020",7:00p,Los Angeles Clippers,New York Knicks
"Mon, Mar 23, 2020",7:00p,Boston Celtics,Washington Wizards
"Mon, Mar 23, 2020",7:30p,Orlando Magic,Brooklyn Nets
"Mon, Mar 23, 2020",7:30p,Oklahoma City Thunder,Miami Heat
"Mon, Mar 23, 2020",8:00p,Denver Nuggets,Chicago Bulls
"Mon, Mar 23, 2020",8:00p,Detroit Pistons,Milwaukee Bucks
"Mon, Mar 23, 2020",8:30p,Houston Rockets,Dallas Mavericks
"Tue, Mar 24, 2020",7:00p,Portland Trail Blazers,Charlotte Hornets
"Tue, Mar 24, 2020",7:00p,Sacramento Kings,Cleveland Cavaliers
"Tue, Mar 24, 2020",7:30p,Los Angeles Lakers,Toronto Raptors
"Tue, Mar 24, 2020",8:00p,Philadelphia 76ers,Minnesota Timberwolves
"Tue, Mar 24, 2020",8:00p,Memphis Grizzlies,New Orleans Pelicans
"Tue, Mar 24, 2020",10:00p,San Antonio Spurs,Utah Jazz
"Wed, Mar 25, 2020",7:00p,Los Angeles Clippers,Brooklyn Nets
"Wed, Mar 25, 2020",7:00p,Portland Trail Blazers,Detroit Pistons
"Wed, Mar 25, 2020",7:00p,Indiana Pacers,Orlando Magic
"Wed, Mar 25, 2020",7:00p,Phoenix Suns,Washington Wizards
"Wed, Mar 25, 2020",7:30p,Denver Nuggets,Miami Heat
"Wed, Mar 25, 2020",7:30p,Toronto Raptors,New York Knicks
"Wed, Mar 25, 2020",8:00p,Boston Celtics,Memphis Grizzlies
"Wed, Mar 25, 2020",9:30p,Houston Rockets,Milwaukee Bucks
"Wed, Mar 25, 2020",10:30p,Atlanta Hawks,Golden State Warriors
"Thu, Mar 26, 2020",7:00p,Los Angeles Lakers,Cleveland Cavaliers
"Thu, Mar 26, 2020",8:00p,Philadelphia 76ers,Chicago Bulls
"Thu, Mar 26, 2020",8:00p,San Antonio Spurs,Minnesota Timberwolves
"Thu, Mar 26, 2020",8:00p,Charlotte Hornets,Oklahoma City Thunder
"Thu, Mar 26, 2020",8:30p,Utah Jazz,Dallas Mavericks
"Thu, Mar 26, 2020",10:00p,Atlanta Hawks,Sacramento Kings
"Fri, Mar 27, 2020",7:00p,Los Angeles Clippers,Detroit Pistons
"Fri, Mar 27, 2020",7:00p,Houston Rockets,Indiana Pacers
"Fri, Mar 27, 2020",7:00p,Brooklyn Nets,Orlando Magic
"Fri, Mar 27, 2020",7:00p,Phoenix Suns,Philadelphia 76ers
"Fri, Mar 27, 2020",7:30p,Portland Trail Blazers,Boston Celtics
"Fri, Mar 27, 2020",8:00p,New York Knicks,New Orleans Pelicans
"Fri, Mar 27, 2020",8:30p,Washington Wizards,Milwaukee Bucks
"Fri, Mar 27, 2020",9:00p,San Antonio Spurs,Denver Nuggets
"Sat, Mar 28, 2020",6:00p,Cleveland Cavaliers,Brooklyn Nets
"Sat, Mar 28, 2020",7:00p,Los Angeles Clippers,Charlotte Hornets
"Sat, Mar 28, 2020",8:00p,New York Knicks,Chicago Bulls
"Sat, Mar 28, 2020",8:00p,Toronto Raptors,Memphis Grizzlies
"Sat, Mar 28, 2020",8:00p,Phoenix Suns,Miami Heat
"Sat, Mar 28, 2020",8:00p,Los Angeles Lakers,Washington Wizards
"Sat, Mar 28, 2020",8:30p,Oklahoma City Thunder,Golden State Warriors
"Sat, Mar 28, 2020",9:00p,Atlanta Hawks,Utah Jazz
"Sun, Mar 29, 2020",3:00p,Milwaukee Bucks,Dallas Mavericks
"Sun, Mar 29, 2020",5:00p,Houston Rockets,Detroit Pistons
"Sun, Mar 29, 2020",6:00p,Minnesota Timberwolves,Boston Celtics
"Sun, Mar 29, 2020",6:00p,New Orleans Pelicans,Orlando Magic
"Sun, Mar 29, 2020",7:30p,Portland Trail Blazers,Philadelphia 76ers
"Sun, Mar 29, 2020",8:30p,San Antonio Spurs,Golden State Warriors
"Sun, Mar 29, 2020",9:00p,Indiana Pacers,Sacramento Kings
"Mon, Mar 30, 2020",7:00p,Miami Heat,Charlotte Hornets
"Mon, Mar 30, 2020",7:00p,Phoenix Suns,Cleveland Cavaliers
"Mon, Mar 30, 2020",7:30p,Portland Trail Blazers,Brooklyn Nets
"Mon, Mar 30, 2020",7:30p,Memphis Grizzlies,Toronto Raptors
"Mon, Mar 30, 2020",8:00p,Los Angeles Lakers,Minnesota Timberwolves
"Mon, Mar 30, 2020",9:00p,Oklahoma City Thunder,Denver Nuggets
"Mon, Mar 30, 2020",9:00p,Chicago Bulls,Utah Jazz
"Mon, Mar 30, 2020",10:30p,Indiana Pacers,Los Angeles Clippers
"Tue, Mar 31, 2020",7:30p,New Orleans Pelicans,Atlanta Hawks
"Tue, Mar 31, 2020",7:30p,Houston Rockets,Philadelphia 76ers
"Tue, Mar 31, 2020",10:00p,Denver Nuggets,Golden State Warriors
"Tue, Mar 31, 2020",10:00p,San Antonio Spurs,Sacramento Kings
"Wed, Apr 1, 2020",7:00p,Charlotte Hornets,Orlando Magic
"Wed, Apr 1, 2020",7:00p,New Orleans Pelicans,Washington Wizards
"Wed, Apr 1, 2020",7:30p,Miami Heat,Boston Celtics
"Wed, Apr 1, 2020",7:30p,Detroit Pistons,Brooklyn Nets
"Wed, Apr 1, 2020",8:00p,New York Knicks,Memphis Grizzlies
"Wed, Apr 1, 2020",8:00p,Dallas Mavericks,Minnesota Timberwolves
"Wed, Apr 1, 2020",8:00p,Phoenix Suns,Oklahoma City Thunder
"Wed, Apr 1, 2020",9:00p,Toronto Raptors,Milwaukee Bucks
"Wed, Apr 1, 2020",9:00p,Cleveland Cavaliers,Utah Jazz
"Wed, Apr 1, 2020",10:30p,Indiana Pacers,Los Angeles Lakers
"Thu, Apr 2, 2020",8:00p,Golden State Warriors,Houston Rockets
"Thu, Apr 2, 2020",10:00p,Los Angeles Clippers,Sacramento Kings
"Thu, Apr 2, 2020",10:30p,Utah Jazz,Portland Trail Blazers
"Fri, Apr 3, 2020",7:00p,Miami Heat,Detroit Pistons
"Fri, Apr 3, 2020",7:00p,Brooklyn Nets,Indiana Pacers
"Fri, Apr 3, 2020",7:00p,Philadelphia 76ers,Washington Wizards
"Fri, Apr 3, 2020",7:30p,Charlotte Hornets,Atlanta Hawks
"Fri, Apr 3, 2020",7:30p,Orlando Magic,Boston Celtics
"Fri, Apr 3, 2020",7:30p,Minnesota Timberwolves,New York Knicks
"Fri, Apr 3, 2020",7:30p,Milwaukee Bucks,Toronto Raptors
"Fri, Apr 3, 2020",8:00p,Dallas Mavericks,Memphis Grizzlies
"Fri, Apr 3, 2020",8:30p,Golden State Warriors,San Antonio Spurs
"Fri, Apr 3, 2020",9:00p,Chicago Bulls,Denver Nuggets
"Fri, Apr 3, 2020",10:00p,Cleveland Cavaliers,Phoenix Suns
"Sat, Apr 4, 2020",3:30p,Oklahoma City Thunder,Los Angeles Clippers
"Sat, Apr 4, 2020",10:00p,Los Angeles Lakers,Sacramento Kings
"Sun, Apr 5, 2020",1:00p,Atlanta Hawks,Charlotte Hornets
"Sun, Apr 5, 2020",1:00p,Orlando Magic,Philadelphia 76ers
"Sun, Apr 5, 2020",3:30p,Milwaukee Bucks,Boston Celtics
"Sun, Apr 5, 2020",5:00p,Washington Wizards,Indiana Pacers
"Sun, Apr 5, 2020",5:00p,Miami Heat,New York Knicks
"Sun, Apr 5, 2020",6:00p,Dallas Mavericks,Brooklyn Nets
"Sun, Apr 5, 2020",6:00p,Utah Jazz,Denver Nuggets
"Sun, Apr 5, 2020",6:00p,Chicago Bulls,Phoenix Suns
"Sun, Apr 5, 2020",7:00p,Toronto Raptors,Houston Rockets
"Sun, Apr 5, 2020",7:00p,Detroit Pistons,Minnesota Timberwolves
"Sun, Apr 5, 2020",7:00p,New Orleans Pelicans,San Antonio Spurs
"Sun, Apr 5, 2020",9:00p,Memphis Grizzlies,Portland Trail Blazers
"Sun, Apr 5, 2020",9:00p,Cleveland Cavaliers,Sacramento Kings
"Sun, Apr 5, 2020",9:30p,Oklahoma City Thunder,Los Angeles Lakers
"Tue, Apr 7, 2020",7:00p,Toronto Raptors,Washington Wizards
"Tue, Apr 7, 2020",7:30p,Detroit Pistons,Atlanta Hawks
"Tue, Apr 7, 2020",7:30p,Indiana Pacers,Miami Heat
"Tue, Apr 7, 2020",7:30p,Milwaukee Bucks,Philadelphia 76ers
"Tue, Apr 7, 2020",8:00p,Phoenix Suns,Minnesota Timberwolves
"Tue, Apr 7, 2020",8:00p,Charlotte Hornets,New Orleans Pelicans
"Tue, Apr 7, 2020",8:00p,Brooklyn Nets,Oklahoma City Thunder
"Tue, Apr 7, 2020",8:30p,Houston Rockets,Dallas Mavericks
"Tue, Apr 7, 2020",8:30p,Sacramento Kings,San Antonio Spurs
"Tue, Apr 7, 2020",9:00p,Memphis Grizzlies,Denver Nuggets
"Tue, Apr 7, 2020",10:00p,Cleveland Cavaliers,Portland Trail Blazers
"Tue, Apr 7, 2020",10:00p,Los Angeles Clippers,Utah Jazz
"Tue, Apr 7, 2020",10:30p,Chicago Bulls,Los Angeles Lakers
"Wed, Apr 8, 2020",7:00p,Indiana Pacers,Boston Celtics
"Wed, Apr 8, 2020",7:00p,Toronto Raptors,Charlotte Hornets
"Wed, Apr 8, 2020",7:30p,Orlando Magic,New York Knicks
"Wed, Apr 8, 2020",9:30p,San Antonio Spurs,Houston Rockets
"Wed, Apr 8, 2020",10:30p,Cleveland Cavaliers,Golden State Warriors
"Wed, Apr 8, 2020",10:30p,Chicago Bulls,Los Angeles Clippers
"Thu, Apr 9, 2020",7:30p,Detroit Pistons,Miami Heat
"Thu, Apr 9, 2020",8:00p,Brooklyn Nets,Milwaukee Bucks
"Thu, Apr 9, 2020",8:00p,Sacramento Kings,Minnesota Timberwolves
"Thu, Apr 9, 2020",8:00p,Phoenix Suns,New Orleans Pelicans
"Thu, Apr 9, 2020",10:00p,Denver Nuggets,Portland Trail Blazers
"Thu, Apr 9, 2020",10:30p,Golden State Warriors,Los Angeles Lakers
"Fri, Apr 10, 2020",7:00p,Boston Celtics,Orlando Magic
"Fri, Apr 10, 2020",7:30p,Atlanta Hawks,Toronto Raptors
"Fri, Apr 10, 2020",8:00p,Washington Wizards,Houston Rockets
"Fri, Apr 10, 2020",8:00p,New York Knicks,Oklahoma City Thunder
"Fri, Apr 10, 2020",8:30p,Philadelphia 76ers,San Antonio Spurs
"Sat, Apr 11, 2020",3:00p,Detroit Pistons,Dallas Mavericks
"Sat, Apr 11, 2020",7:00p,Washington Wizards,Charlotte Hornets
"Sat, Apr 11, 2020",7:00p,Orlando Magic,Indiana Pacers
"Sat, Apr 11, 2020",7:00p,Philadelphia 76ers,New Orleans Pelicans
"Sat, Apr 11, 2020",7:30p,Milwaukee Bucks,Cleveland Cavaliers
"Sat, Apr 11, 2020",8:00p,Brooklyn Nets,Chicago Bulls
"Sat, Apr 11, 2020",8:00p,Oklahoma City Thunder,Memphis Grizzlies
"Sat, Apr 11, 2020",8:00p,Boston Celtics,Miami Heat
"Sat, Apr 11, 2020",8:30p,Golden State Warriors,Los Angeles Clippers
"Sat, Apr 11, 2020",9:00p,Sacramento Kings,Denver Nuggets
"Sat, Apr 11, 2020",10:00p,Utah Jazz,Phoenix Suns
"Sun, Apr 12, 2020",3:30p,Houston Rockets,San Antonio Spurs
"Sun, Apr 12, 2020",6:00p,New York Knicks,Toronto Raptors
"Sun, Apr 12, 2020",7:00p,Atlanta Hawks,Milwaukee Bucks
"Sun, Apr 12, 2020",9:30p,Minnesota Timberwolves,Los Angeles Lakers
"Mon, Apr 13, 2020",7:00p,Miami Heat,Charlotte Hornets
"Mon, Apr 13, 2020",7:00p,Brooklyn Nets,Cleveland Cavaliers
"Mon, Apr 13, 2020",7:00p,Boston Celtics,Detroit Pistons
"Mon, Apr 13, 2020",7:00p,San Antonio Spurs,Indiana Pacers
"Mon, Apr 13, 2020",8:00p,Orlando Magic,Chicago Bulls
"Mon, Apr 13, 2020",8:00p,Phoenix Suns,Houston Rockets
"Mon, Apr 13, 2020",8:00p,Philadelphia 76ers,Memphis Grizzlies
"Mon, Apr 13, 2020",8:00p,Washington Wizards,New Orleans Pelicans
"Mon, Apr 13, 2020",8:00p,Utah Jazz,Oklahoma City Thunder
"Mon, Apr 13, 2020",9:00p,Dallas Mavericks,Denver Nuggets
"Mon, Apr 13, 2020",10:30p,Portland Trail Blazers,Golden State Warriors
"Mon, Apr 13, 2020",10:30p,Minnesota Timberwolves,Los Angeles Clippers
"Tue, Apr 14, 2020",7:30p,Toronto Raptors,Miami Heat
"Tue, Apr 14, 2020",7:30p,Detroit Pistons,New York Knicks
"Tue, Apr 14, 2020",10:00p,Denver Nuggets,Utah Jazz
"Tue, Apr 14, 2020",10:30p,Sacramento Kings,Los Angeles Lakers
"Wed, Apr 15, 2020",7:30p,Cleveland Cavaliers,Atlanta Hawks
"Wed, Apr 15, 2020",7:30p,Chicago Bulls,Boston Celtics
"Wed, Apr 15, 2020",7:30p,Milwaukee Bucks,Brooklyn Nets
"Wed, Apr 15, 2020",7:30p,Oklahoma City Thunder,Dallas Mavericks
"Wed, Apr 15, 2020",7:30p,Memphis Grizzlies,Houston Rockets
"Wed, Apr 15, 2020",7:30p,New York Knicks,Minnesota Timberwolves
"Wed, Apr 15, 2020",7:30p,Toronto Raptors,Orlando Magic
"Wed, Apr 15, 2020",7:30p,Charlotte Hornets,Philadelphia 76ers
"Wed, Apr 15, 2020",7:30p,New Orleans Pelicans,San Antonio Spurs
"Wed, Apr 15, 2020",7:30p,Indiana Pacers,Washington Wizards
"Wed, Apr 15, 2020",10:00p,Los Angeles Lakers,Phoenix Suns
"Wed, Apr 15, 2020",10:00p,Los Angeles Clippers,Portland Trail Blazers
"Wed, Apr 15, 2020",10:00p,Golden State Warriors,Sacramento Kings
